player_id,player,pos,team,adp_ppr,pts_ppr,games,rec,rec_yd,rec_td,rush_att,rush_yd,rush_td,pass_yd,pass_td,injury_status,years_exp,vorp,vorp_rank,adp_rank,value_gap
9221,Jahmyr Gibbs,RB,DET,1.9,331.4,18.0,63.0,533.0,3.0,255.0,1251.0,12.0,,,,3.0,179.09999999999997,1,1,0
9509,Bijan Robinson,RB,ATL,2.4,324.9,18.0,64.0,537.0,3.0,280.0,1372.0,9.0,,,,3.0,172.59999999999997,2,2,0
4034,Christian McCaffrey,RB,SF,5.3,291.0,18.0,70.0,606.0,4.0,240.0,984.0,7.0,,,,9.0,138.7,3,5,2
9493,Puka Nacua,WR,LAR,4.0,312.5,18.0,107.0,1400.0,10.0,10.0,55.0,,,,Questionable,3.0,138.2,4,4,0
7564,Ja'Marr Chase,WR,CIN,3.9,311.1,18.0,109.0,1345.0,11.0,3.0,16.0,,,,,5.0,136.8,5,3,-2
6813,Jonathan Taylor,RB,IND,7.6,272.3,18.0,36.0,278.0,1.0,287.0,1385.0,11.0,,,,6.0,120.0,6,8,2
9488,Jaxon Smith-Njigba,WR,SEA,6.7,284.6,18.0,99.0,1343.0,8.0,6.0,33.0,,,,,3.0,110.30000000000001,7,6,-1
8138,James Cook,RB,BUF,9.4,260.8,18.0,31.0,268.0,2.0,264.0,1270.0,11.0,,,,4.0,108.5,8,9,1
7547,Amon-Ra St. Brown,WR,DET,7.3,280.5,18.0,106.0,1249.0,8.0,3.0,16.0,,,,,5.0,106.19999999999999,9,7,-2
9226,De'Von Achane,RB,MIA,13.9,257.4,18.0,55.0,416.0,2.0,239.0,1168.0,6.0,,,IR,3.0,105.09999999999997,10,13,3
9224,Chase Brown,RB,CIN,14.1,255.2,18.0,57.0,417.0,3.0,220.0,945.0,8.0,,,,3.0,102.89999999999998,11,14,3
12527,Ashton Jeanty,RB,LV,15.8,253.2,18.0,49.0,364.0,2.0,260.0,1118.0,8.0,,,,1.0,100.89999999999998,12,16,4
6786,CeeDee Lamb,WR,DAL,10.7,270.5,18.0,96.0,1249.0,8.0,3.0,16.0,,,,,6.0,96.19999999999999,13,10,-3
3198,Derrick Henry,RB,BAL,18.5,246.9,18.0,17.0,133.0,1.0,281.0,1406.0,12.0,,,,10.0,94.6,14,18,4
4866,Saquon Barkley,RB,PHI,11.5,246.7,18.0,37.0,277.0,2.0,271.0,1220.0,8.0,,,,8.0,94.39999999999998,15,11,-4
8151,Kenneth Walker,RB,KC,19.8,244.0,18.0,37.0,272.0,2.0,259.0,1158.0,9.0,,,,4.0,91.69999999999999,16,19,3
12507,Omarion Hampton,RB,LAC,15.3,242.9,18.0,48.0,364.0,2.0,232.0,1025.0,8.0,,,,1.0,90.6,17,15,-2
7569,Nico Collins,WR,HOU,23.8,262.0,18.0,84.0,1262.0,8.0,3.0,18.0,,,,Questionable,5.0,87.69999999999999,18,24,6
6794,Justin Jefferson,WR,MIN,12.2,250.4,18.0,90.0,1178.0,7.0,1.0,6.0,,,,Questionable,6.0,76.1,19,12,-7
8112,Drake London,WR,ATL,20.4,250.2,18.0,90.0,1156.0,7.0,1.0,6.0,,,,,4.0,75.89999999999998,20,20,0
8130,Trey McBride,TE,ARI,25.1,234.9,18.0,96.0,969.0,7.0,,,,,,,4.0,75.1,21,25,4
4984,Josh Allen,QB,BUF,21.9,361.5,18.0,,,,110.0,535.0,11.0,3650.0,27.0,,8.0,74.82,22,21,-1
8137,George Pickens,WR,DAL,22.0,245.7,18.0,80.0,1211.0,7.0,1.0,6.0,,,,,4.0,71.39999999999998,23,22,-1
11604,Brock Bowers,TE,LV,23.1,226.5,18.0,92.0,969.0,6.0,4.0,16.0,,,,,2.0,66.69999999999999,24,23,-1
11632,Malik Nabers,WR,NYG,27.1,236.7,18.0,86.0,1110.0,6.0,3.0,17.0,,,,,2.0,62.39999999999998,25,27,2
8144,Chris Olave,WR,NO,30.9,235.9,18.0,82.0,1093.0,7.0,1.0,6.0,,,,,4.0,61.599999999999994,26,30,4
7588,Javonte Williams,RB,DAL,31.6,212.0,18.0,38.0,246.0,1.0,246.0,1034.0,7.0,,,,5.0,59.69999999999999,27,32,5
13287,Jeremiyah Love,RB,ARI,28.0,211.8,18.0,47.0,351.0,2.0,205.0,897.0,5.0,,,,0.0,59.5,28,28,0
8155,Breece Hall,RB,NYJ,34.1,211.0,18.0,37.0,314.0,2.0,220.0,986.0,6.0,,,Doubtful,4.0,58.69999999999999,29,34,5
6790,D'Andre Swift,RB,CHI,49.6,208.0,18.0,37.0,272.0,1.0,217.0,978.0,7.0,,,Questionable,6.0,55.69999999999999,30,49,19
8150,Kyren Williams,RB,LAR,26.1,208.0,18.0,32.0,219.0,2.0,228.0,981.0,8.0,,,,4.0,55.69999999999999,31,26,-5
12517,Colston Loveland,TE,CHI,39.7,215.4,18.0,84.0,950.0,6.0,1.0,4.0,,,,,1.0,55.599999999999994,32,40,8
7543,Travis Etienne,RB,NO,42.1,207.7,18.0,36.0,287.0,2.0,226.0,950.0,6.0,,,IR,5.0,55.39999999999998,33,42,9
10229,Rashee Rice,WR,KC,29.4,229.3,18.0,88.0,964.0,7.0,6.0,29.0,,,,,3.0,55.0,34,29,-5
7525,DeVonta Smith,WR,PHI,33.8,229.2,18.0,80.0,1066.0,7.0,1.0,6.0,,,,Questionable,5.0,54.89999999999998,35,33,-2
11635,Ladd McConkey,WR,LAC,35.4,228.2,18.0,81.0,1040.0,7.0,2.0,12.0,,,,Questionable,2.0,53.89999999999998,36,35,-1
9997,Zay Flowers,WR,BAL,41.8,228.2,18.0,81.0,1103.0,6.0,5.0,29.0,,,,,3.0,53.89999999999998,37,41,4
5892,David Montgomery,RB,HOU,46.2,206.1,18.0,32.0,235.0,1.0,236.0,986.0,8.0,,,,7.0,53.79999999999998,38,46,8
8146,Garrett Wilson,WR,NYJ,45.7,224.9,18.0,83.0,1043.0,6.0,3.0,16.0,,,,,4.0,50.599999999999994,39,45,6
6801,Tee Higgins,WR,CIN,36.1,224.4,18.0,75.0,1048.0,7.0,1.0,6.0,,,,,6.0,50.099999999999994,40,36,-4
12514,Emeka Egbuka,WR,TB,38.6,224.0,18.0,77.0,1029.0,7.0,3.0,21.0,,,,,1.0,49.69999999999999,41,38,-3
12481,Cam Skattebo,RB,NYG,39.6,201.2,18.0,42.0,301.0,1.0,214.0,891.0,6.0,,,,1.0,48.89999999999998,42,39,-3
12526,Tetairoa McMillan,WR,CAR,37.8,223.0,18.0,77.0,1074.0,6.0,1.0,6.0,,,,,1.0,48.69999999999999,43,37,-6
2216,Mike Evans,WR,SF,63.2,222.2,18.0,70.0,1022.0,8.0,,,,,,Questionable,12.0,47.89999999999998,44,63,19
7526,Jaylen Waddle,WR,DEN,44.3,221.0,18.0,77.0,1002.0,7.0,3.0,18.0,,,,,5.0,46.69999999999999,45,44,-1
11584,Bucky Irving,RB,TB,43.6,197.3,18.0,36.0,271.0,2.0,211.0,902.0,6.0,,,Questionable,2.0,45.0,46,43,-3
12512,Quinshon Judkins,RB,CLE,54.4,196.0,18.0,32.0,228.0,1.0,244.0,1012.0,6.0,,,,1.0,43.69999999999999,47,54,7
12518,Tyler Warren,TE,IND,47.3,201.1,18.0,83.0,862.0,5.0,5.0,19.0,,,,,1.0,41.29999999999998,48,48,0
5927,Terry McLaurin,WR,WAS,55.4,213.8,18.0,74.0,1031.0,6.0,1.0,7.0,,,,,7.0,39.5,49,55,6
4881,Lamar Jackson,QB,BAL,31.1,326.0,18.0,,,,119.0,668.0,5.0,3380.0,27.0,,8.0,39.31999999999999,50,31,-19
9487,Parker Washington,WR,JAX,71.2,212.4,18.0,72.0,906.0,7.0,10.0,58.0,,,,,3.0,38.099999999999994,51,71,20
10859,Sam LaPorta,TE,DET,57.3,196.5,18.0,76.0,842.0,6.0,1.0,3.0,,,,,3.0,36.69999999999999,52,57,5
12519,Luther Burden,WR,CHI,56.0,209.0,18.0,72.0,889.0,7.0,10.0,61.0,,,,,1.0,34.69999999999999,53,56,3
11564,Drake Maye,QB,NE,47.2,320.76,18.0,,,,85.0,416.0,4.0,3854.0,29.0,,2.0,34.079999999999984,54,47,-7
11620,Rome Odunze,WR,CHI,65.8,207.9,18.0,68.0,973.0,7.0,1.0,6.0,,,,,2.0,33.599999999999994,55,65,10
8167,Christian Watson,WR,GB,66.0,207.6,18.0,63.0,1012.0,7.0,2.0,14.0,,,,,4.0,33.29999999999998,56,66,10
8148,Jameson Williams,WR,DET,59.7,206.2,18.0,60.0,998.0,7.0,8.0,44.0,,,,,4.0,31.899999999999977,57,59,2
6904,Jalen Hurts,QB,PHI,58.6,310.54,18.0,,,,120.0,515.0,9.0,3326.0,21.0,,6.0,23.860000000000014,58,58,0
10222,Jayden Reed,WR,GB,107.4,197.6,18.0,70.0,853.0,6.0,14.0,83.0,,,,IR,3.0,23.299999999999983,59,103,44
12490,Bhayshul Tuten,RB,JAX,62.5,174.8,18.0,32.0,234.0,1.0,184.0,794.0,6.0,,,,1.0,22.5,60,62,2
11566,Jayden Daniels,QB,WAS,68.9,308.72,18.0,,,,126.0,686.0,6.0,3328.0,21.0,Questionable,2.0,22.04000000000002,61,68,7
11631,Brian Thomas,WR,JAX,74.3,195.4,18.0,62.0,897.0,7.0,3.0,17.0,,,,,2.0,21.099999999999994,62,74,12
12506,Harold Fannin,TE,CLE,73.1,180.4,18.0,74.0,739.0,5.0,6.0,25.0,,,,,1.0,20.599999999999994,63,73,10
6770,Joe Burrow,QB,CIN,51.4,306.12,18.0,,,,46.0,138.0,2.0,4008.0,33.0,,6.0,19.439999999999998,64,51,-13
12529,TreVeyon Henderson,RB,NE,61.7,171.0,18.0,35.0,260.0,1.0,170.0,760.0,5.0,,,,1.0,18.69999999999999,65,61,-4
8228,Jaylen Warren,RB,PIT,70.9,170.6,18.0,36.0,267.0,1.0,172.0,759.0,5.0,,,,4.0,18.299999999999983,66,70,4
2133,Davante Adams,WR,LAR,50.4,192.5,18.0,63.0,795.0,8.0,,,,,,,12.0,18.19999999999999,67,50,-17
13286,Jadarian Price,RB,SEA,60.6,170.0,18.0,19.0,138.0,1.0,212.0,912.0,7.0,,,Questionable,0.0,17.69999999999999,68,60,-8
3294,Dak Prescott,QB,DAL,77.5,303.88,18.0,,,,44.0,152.0,1.0,4292.0,31.0,,10.0,17.19999999999999,69,77,8
7523,Trevor Lawrence,QB,JAX,102.1,303.42,18.0,,,,79.0,339.0,5.0,3788.0,26.0,,5.0,16.74000000000001,70,99,29
7611,Rhamondre Stevenson,RB,NE,78.9,169.0,18.0,29.0,214.0,1.0,183.0,786.0,6.0,,,,5.0,16.69999999999999,71,78,7
8183,Brock Purdy,QB,SF,122.3,303.2,18.0,,,,64.0,242.0,3.0,3900.0,30.0,,4.0,16.519999999999982,72,116,44
9484,Tucker Kraft,TE,GB,63.6,174.4,18.0,67.0,774.0,5.0,,,,,,,3.0,14.599999999999994,73,64,-9
11560,Caleb Williams,QB,CHI,71.8,299.34,18.0,,,,75.0,373.0,3.0,3651.0,28.0,Doubtful,2.0,12.659999999999968,74,72,-2
11628,Marvin Harrison,WR,ARI,76.1,186.2,18.0,62.0,882.0,6.0,,,,,,,2.0,11.899999999999977,75,76,1
7553,Kyle Pitts,TE,ATL,67.9,171.6,18.0,66.0,756.0,5.0,,,,,,,5.0,11.799999999999983,76,67,-9
1466,Travis Kelce,TE,KC,89.6,171.4,18.0,70.0,714.0,5.0,,,,,,,13.0,11.599999999999994,77,88,11
12508,Jaxson Dart,QB,NYG,97.2,296.54,18.0,,,,106.0,539.0,6.0,3366.0,22.0,IR,1.0,9.860000000000014,78,94,16
4217,George Kittle,TE,SF,79.8,169.3,18.0,62.0,713.0,6.0,,,,,,,9.0,9.5,79,80,1
11563,Bo Nix,QB,DEN,116.5,295.72,18.0,,,,76.0,330.0,4.0,3768.0,26.0,,2.0,9.04000000000002,80,111,31
5846,DK Metcalf,WR,PIT,75.0,183.3,18.0,62.0,843.0,6.0,2.0,10.0,,,,,7.0,9.0,81,75,-6
6797,Justin Herbert,QB,LAC,83.1,295.48,18.0,,,,70.0,338.0,3.0,3842.0,26.0,,6.0,8.800000000000011,82,83,1
7021,Rico Dowdle,RB,PIT,86.8,161.1,18.0,38.0,273.0,1.0,159.0,678.0,4.0,,,Out,6.0,8.799999999999983,83,85,2
6806,J.K. Dobbins,RB,DEN,91.3,160.2,18.0,26.0,190.0,1.0,171.0,732.0,6.0,,,,6.0,7.899999999999977,84,89,5
5967,Tony Pollard,RB,TEN,85.8,160.1,18.0,28.0,187.0,1.0,189.0,794.0,5.0,,,,7.0,7.799999999999983,85,84,-1
4983,DJ Moore,WR,BUF,53.8,179.0,18.0,63.0,851.0,5.0,5.0,29.0,,,,Questionable,8.0,4.699999999999989,86,53,-33
10236,Dalton Kincaid,TE,BUF,87.9,163.6,18.0,66.0,736.0,4.0,,,,,,,3.0,3.799999999999983,87,87,0
8142,Alec Pierce,WR,IND,95.6,177.9,18.0,54.0,872.0,6.0,1.0,7.0,,,,IR,4.0,3.5999999999999943,88,93,5
13279,Carnell Tate,WR,TEN,69.2,177.3,18.0,65.0,813.0,5.0,2.0,10.0,,,,,0.0,3.0,89,69,-20
5012,Mark Andrews,TE,BAL,125.8,162.5,18.0,60.0,653.0,6.0,6.0,12.0,,,,,8.0,2.6999999999999886,90,117,27
11583,Jonathon Brooks,RB,CAR,98.2,154.9,18.0,34.0,245.0,1.0,160.0,684.0,4.0,,,IR,2.0,2.5999999999999943,91,95,4
12534,Kyle Monangai,RB,CHI,108.1,154.6,18.0,23.0,165.0,1.0,166.0,751.0,6.0,,,,1.0,2.299999999999983,92,104,12
8408,Jordan Mason,RB,MIN,109.8,153.7,18.0,20.0,140.0,1.0,190.0,797.0,6.0,,,IR,4.0,1.3999999999999773,93,105,12
9480,Brenton Strange,TE,JAX,159.4,161.0,18.0,63.0,680.0,5.0,,,,,,,3.0,1.1999999999999886,94,141,47
8110,Jake Ferguson,TE,DAL,99.4,159.8,18.0,70.0,618.0,5.0,,,,,,,4.0,0.0,95,96,1
5045,Courtland Sutton,WR,DEN,79.7,174.3,18.0,59.0,793.0,6.0,,,,,,,8.0,0.0,96,79,-17
4046,Patrick Mahomes,QB,KC,110.1,286.68,18.0,,,,47.0,202.0,1.0,3962.0,29.0,,9.0,0.0,97,106,9
7567,Kenny Gainwell,RB,TB,111.3,152.3,18.0,47.0,355.0,2.0,99.0,418.0,3.0,,,,5.0,0.0,98,107,9
4037,Chris Godwin,WR,TB,92.5,173.6,18.0,68.0,750.0,5.0,1.0,6.0,,,,,9.0,-0.700000000000017,99,90,-9
9500,Josh Downs,WR,IND,113.6,172.3,18.0,70.0,770.0,4.0,2.0,13.0,,,,,3.0,-2.0,100,109,9
8131,Isaiah Likely,TE,NYG,105.7,157.3,18.0,62.0,653.0,5.0,,,,,,,4.0,-2.5,101,101,0
9756,Jordan Addison,WR,MIN,101.3,171.7,18.0,60.0,795.0,5.0,4.0,22.0,,,,,3.0,-2.6000000000000227,102,98,-4
3163,Jared Goff,QB,DET,131.1,283.46,18.0,,,,29.0,53.0,1.0,4104.0,30.0,,10.0,-3.2200000000000273,103,122,19
11581,MarShawn Lloyd,RB,GB,137.2,149.0,18.0,24.0,177.0,1.0,180.0,753.0,5.0,,,,2.0,-3.3000000000000114,104,125,21
6819,Michael Pittman,WR,PIT,106.0,170.9,18.0,69.0,772.0,4.0,1.0,7.0,,,,,6.0,-3.4000000000000057,105,102,-3
8134,Khalil Shakir,WR,BUF,143.5,170.7,18.0,71.0,747.0,4.0,2.0,10.0,,,,,4.0,-3.6000000000000227,106,131,25
8126,Wan'Dale Robinson,WR,TEN,121.1,170.7,18.0,71.0,741.0,4.0,3.0,16.0,,,,,4.0,-3.6000000000000227,107,115,8
5849,Kyler Murray,QB,MIN,151.8,283.06,18.0,,,,88.0,503.0,3.0,3519.0,22.0,,7.0,-3.6200000000000045,108,138,30
12501,Matthew Golden,WR,GB,126.6,170.0,18.0,58.0,769.0,5.0,8.0,51.0,,,,,1.0,-4.300000000000011,109,118,9
7594,Chuba Hubbard,RB,CAR,81.8,147.9,18.0,22.0,153.0,1.0,181.0,766.0,5.0,,,,5.0,-4.400000000000006,110,81,-29
5844,T.J. Hockenson,TE,MIN,163.8,155.0,18.0,66.0,650.0,4.0,,,,,,,7.0,-4.800000000000011,111,144,33
5947,Jakobi Meyers,WR,JAX,129.4,169.3,18.0,64.0,732.0,5.0,4.0,21.0,,,,Questionable,7.0,-5.0,112,120,8
13294,Makai Lemon,WR,PHI,93.9,168.5,18.0,60.0,775.0,5.0,2.0,10.0,,,,,0.0,-5.800000000000011,113,91,-22
3214,Hunter Henry,TE,NE,141.2,153.5,18.0,58.0,655.0,5.0,,,,,,,10.0,-6.300000000000011,114,129,15
421,Matthew Stafford,QB,LAR,94.6,280.22,18.0,,,,27.0,19.0,,4033.0,32.0,,17.0,-6.4599999999999795,115,92,-23
5859,A.J. Brown,WR,NE,17.9,167.0,18.0,54.0,805.0,5.0,1.0,5.0,,,,IR,7.0,-7.300000000000011,116,17,-99
6804,Jordan Love,QB,GB,158.9,278.52,18.0,,,,51.0,202.0,2.0,3808.0,27.0,,6.0,-8.160000000000025,117,140,23
12489,RJ Harvey,RB,DEN,82.3,144.1,18.0,37.0,276.0,2.0,124.0,515.0,3.0,,,,1.0,-8.200000000000017,118,82,-36
10232,Michael Wilson,WR,ARI,87.0,166.0,18.0,59.0,764.0,5.0,1.0,6.0,,,,,3.0,-8.300000000000011,119,86,-33
11646,Jalen Coker,WR,CAR,147.8,165.9,18.0,60.0,753.0,5.0,1.0,6.0,,,,Questionable,2.0,-8.400000000000006,120,135,15
5001,Dalton Schultz,TE,HOU,182.3,150.9,18.0,64.0,629.0,4.0,,,,,,,8.0,-8.900000000000006,121,158,37
9754,Quentin Johnston,WR,LAC,111.5,163.9,18.0,58.0,748.0,5.0,2.0,11.0,,,,,3.0,-10.400000000000006,122,108,-14
4892,Baker Mayfield,QB,TB,143.5,274.88,18.0,,,,63.0,306.0,2.0,3682.0,26.0,Out,8.0,-11.800000000000011,123,132,9
11624,Xavier Worthy,WR,KC,134.5,161.5,18.0,55.0,695.0,4.0,17.0,90.0,1.0,,,,2.0,-12.800000000000011,124,124,0
5850,Josh Jacobs,RB,GB,52.8,139.4,18.0,23.0,167.0,1.0,152.0,637.0,5.0,,,,7.0,-12.900000000000006,125,52,-73
8121,Romeo Doubs,WR,NE,133.3,161.2,18.0,57.0,742.0,5.0,,,,,,,4.0,-13.100000000000023,126,123,-3
4199,Aaron Jones,RB,MIN,127.5,137.1,18.0,34.0,248.0,1.0,131.0,563.0,3.0,,,,9.0,-15.200000000000017,127,119,-8
8210,Chig Okonkwo,TE,WAS,189.0,144.1,18.0,61.0,591.0,4.0,,,,,,Questionable,4.0,-15.700000000000017,128,164,36
12545,Tyler Shough,QB,NO,178.9,270.94,18.0,,,,84.0,343.0,3.0,3666.0,22.0,,1.0,-15.740000000000009,129,156,27
8161,Malik Willis,QB,MIA,206.7,270.12,18.0,,,,125.0,712.0,5.0,2848.0,17.0,,4.0,-16.560000000000002,130,177,47
11586,Blake Corum,RB,LAR,100.3,135.3,18.0,15.0,106.0,,172.0,757.0,6.0,,,,2.0,-17.0,131,97,-34
2449,Stefon Diggs,WR,WAS,103.5,157.3,18.0,64.0,687.0,4.0,1.0,6.0,,,,,11.0,-17.0,132,100,-32
11603,AJ Barner,TE,SEA,185.2,142.4,18.0,58.0,530.0,4.0,10.0,14.0,1.0,,,,2.0,-17.400000000000006,133,161,28
13298,KC Concepcion,WR,CLE,119.9,156.4,18.0,58.0,710.0,4.0,9.0,54.0,,,,,0.0,-17.900000000000006,134,114,-20
12493,Oronde Gadsden,TE,LAC,146.4,141.8,18.0,56.0,618.0,4.0,,,,,,,1.0,-18.0,135,134,-1
5872,Deebo Samuel,WR,SF,130.2,155.7,18.0,56.0,628.0,4.0,17.0,89.0,1.0,,,,7.0,-18.600000000000023,136,121,-15
7002,Juwan Johnson,TE,NO,175.9,140.9,18.0,56.0,609.0,4.0,,,,,,,6.0,-18.900000000000006,137,154,17
10219,Chris Rodriguez,RB,JAX,142.0,132.5,18.0,15.0,107.0,,171.0,728.0,6.0,,,,3.0,-19.80000000000001,138,130,-8
5022,Dallas Goedert,TE,PHI,119.5,136.0,18.0,53.0,590.0,4.0,,,,,,Doubtful,8.0,-23.80000000000001,139,113,-26
4943,Sam Darnold,QB,SEA,161.0,262.74,18.0,,,,44.0,157.0,2.0,3676.0,26.0,,8.0,-23.939999999999998,140,143,3
8136,Rachaad White,RB,WAS,139.0,128.1,18.0,34.0,253.0,1.0,114.0,468.0,3.0,,,Questionable,4.0,-24.200000000000017,141,127,-14
12533,Jacory Croskey-Merritt,RB,WAS,115.0,127.9,18.0,19.0,135.0,1.0,141.0,614.0,5.0,,,,1.0,-24.400000000000006,142,110,-32
12502,Gunnar Helm,TE,TEN,233.1,130.3,18.0,57.0,553.0,3.0,,,,,,,1.0,-29.5,143,217,74
7600,Pat Freiermuth,TE,PIT,239.9,128.4,18.0,51.0,534.0,4.0,,,,,,,5.0,-31.400000000000006,144,230,86
8676,Rashid Shaheed,WR,SEA,150.3,138.1,18.0,45.0,665.0,4.0,8.0,46.0,,,,,4.0,-36.20000000000002,145,137,-8
8111,Cade Otton,TE,TB,233.1,122.3,18.0,53.0,513.0,3.0,,,,,,,4.0,-37.500000000000014,146,218,72
9508,Tyjae Spears,RB,TEN,164.7,114.6,18.0,35.0,248.0,1.0,92.0,388.0,2.0,,,Questionable,3.0,-37.70000000000002,147,145,-2
9758,C.J. Stroud,QB,HOU,198.4,247.82,18.0,,,,53.0,201.0,2.0,3593.0,22.0,,3.0,-38.860000000000014,148,170,22
13346,Denzel Boston,WR,CLE,171.8,134.7,18.0,53.0,624.0,3.0,2.0,13.0,,,,,0.0,-39.60000000000002,149,151,2
11655,Tyrone Tracy,RB,NYG,183.4,111.3,18.0,21.0,155.0,1.0,124.0,528.0,3.0,,,Questionable,2.0,-41.000000000000014,150,159,9
11610,Malik Washington,WR,MIA,175.7,131.3,18.0,48.0,472.0,3.0,22.0,121.0,1.0,,,,2.0,-43.0,151,153,2
8180,Jalen Nailor,WR,LV,186.6,130.6,18.0,46.0,587.0,4.0,3.0,19.0,,,,,4.0,-43.70000000000002,152,162,10
13417,De'Zhaun Stribling,WR,SF,138.5,128.4,18.0,46.0,584.0,4.0,,,,,,IR,0.0,-45.900000000000006,153,126,-27
11618,Jalen McMillan,WR,TB,210.0,127.4,18.0,44.0,561.0,4.0,6.0,33.0,,,,IR,2.0,-46.900000000000006,154,181,27
13276,Omar Cooper,WR,NYJ,193.3,127.1,18.0,45.0,567.0,4.0,3.0,14.0,,,,IR,0.0,-47.20000000000002,155,167,12
10213,Tre Tucker,WR,LV,204.7,125.9,18.0,46.0,582.0,3.0,7.0,37.0,,,,,3.0,-48.400000000000006,156,175,19
8172,Greg Dulcich,TE,MIA,229.7,110.9,18.0,47.0,459.0,3.0,,,,,,,4.0,-48.900000000000006,157,208,51
9504,Kayshon Boutte,WR,HOU,201.1,125.2,18.0,41.0,602.0,4.0,,,,,,,3.0,-49.10000000000001,158,173,15
9228,Bryce Young,QB,CAR,226.3,235.58,18.0,,,,51.0,245.0,3.0,3202.0,20.0,,3.0,-51.099999999999994,159,197,38
11783,Ryan Flournoy,WR,DAL,230.7,121.2,18.0,47.0,549.0,3.0,2.0,13.0,,,,,2.0,-53.10000000000001,160,212,52
6783,Jerry Jeudy,WR,CLE,191.5,119.6,18.0,43.0,581.0,3.0,1.0,5.0,,,,,6.0,-54.70000000000002,161,166,5
13305,Mike Washington,RB,LV,140.0,97.5,18.0,16.0,117.0,1.0,111.0,458.0,3.0,,,,0.0,-54.80000000000001,162,128,-34
9511,Keaton Mitchell,RB,LAC,183.9,96.9,18.0,18.0,134.0,1.0,88.0,435.0,3.0,,,Questionable,3.0,-55.400000000000006,163,160,-3
12522,Cam Ward,QB,TEN,229.8,227.84,18.0,,,,46.0,182.0,2.0,3516.0,19.0,,1.0,-58.84,164,209,45
12487,Terrance Ferguson,TE,LAR,205.3,100.3,18.0,35.0,413.0,4.0,,,,,,Doubtful,1.0,-59.500000000000014,165,176,11
13330,Kenyon Sadiq,TE,NYJ,167.7,100.2,18.0,40.0,415.0,3.0,2.0,7.0,,,,Questionable,0.0,-59.60000000000001,166,148,-18
12509,Tre' Harris,WR,LAC,230.5,112.9,18.0,39.0,493.0,4.0,1.0,6.0,,,,,1.0,-61.400000000000006,167,211,44
5870,Daniel Jones,QB,IND,203.7,223.54,18.0,,,,47.0,191.0,2.0,3286.0,19.0,,7.0,-63.140000000000015,168,174,6
13281,Jordyn Tyson,WR,NO,117.5,111.0,18.0,41.0,514.0,3.0,1.0,6.0,,,,IR,0.0,-63.30000000000001,169,112,-57
12498,Mason Taylor,TE,NYJ,224.3,96.4,18.0,40.0,384.0,3.0,,,,,,Doubtful,1.0,-63.400000000000006,170,194,24
12469,Dylan Sampson,RB,CLE,207.3,88.7,18.0,23.0,176.0,1.0,78.0,321.0,2.0,,,IR,1.0,-63.60000000000001,171,179,8
11834,Devaughn Vele,WR,NO,239.8,110.6,18.0,42.0,496.0,3.0,1.0,10.0,,,,,2.0,-63.70000000000002,172,229,57
1479,Keenan Allen,WR,IND,199.2,106.8,18.0,44.0,448.0,3.0,,,,,,Questionable,13.0,-67.50000000000001,173,171,-2
12474,Woody Marks,RB,HOU,149.0,83.8,18.0,19.0,137.0,1.0,86.0,351.0,2.0,,,,1.0,-68.50000000000001,174,136,-38
7049,Jauan Jennings,WR,MIN,212.0,105.7,18.0,39.0,487.0,3.0,,,,,,,6.0,-68.60000000000001,175,184,9
13285,Malachi Fields,WR,NYG,218.8,105.2,18.0,38.0,485.0,3.0,1.0,7.0,,,,,0.0,-69.10000000000001,176,186,10
13293,Ja'Kobi Lane,WR,BAL,159.6,104.9,18.0,35.0,453.0,4.0,1.0,6.0,,,,IR,0.0,-69.4,177,142,-35
7571,Rashod Bateman,WR,BAL,232.7,102.3,18.0,36.0,483.0,3.0,,,,,,,5.0,-72.00000000000001,178,216,38
12530,Travis Hunter,WR,JAX,169.7,100.6,18.0,35.0,415.0,3.0,4.0,21.0,,,,,1.0,-73.70000000000002,179,149,-30
13269,Fernando Mendoza,QB,LV,196.2,212.16,18.0,,,,53.0,234.0,2.0,2894.0,19.0,,0.0,-74.52000000000001,180,168,-12
8132,Tyler Allgeier,RB,ARI,145.8,77.2,18.0,9.0,62.0,,109.0,460.0,3.0,,,,4.0,-75.10000000000001,181,133,-48
13274,Germie Bernard,WR,PIT,229.8,98.9,18.0,36.0,439.0,3.0,2.0,10.0,,,,,0.0,-75.4,182,210,28
11625,Adonai Mitchell,WR,NYJ,231.0,98.3,18.0,35.0,443.0,3.0,1.0,10.0,,,,Doubtful,2.0,-76.00000000000001,183,214,31
13317,Ted Hurst,WR,TB,239.6,97.9,18.0,36.0,426.0,3.0,2.0,13.0,,,,,0.0,-76.4,184,228,44
12492,Pat Bryant,WR,DEN,227.2,96.4,18.0,35.0,425.0,3.0,2.0,9.0,,,,,1.0,-77.9,185,200,15
13349,Eli Stowers,TE,PHI,238.9,81.4,18.0,31.0,319.0,3.0,2.0,5.0,,,,IR,0.0,-78.4,186,226,40
13296,Caleb Douglas,WR,MIA,199.4,94.8,18.0,34.0,428.0,3.0,,,,,,Questionable,0.0,-79.50000000000001,187,172,-15
13414,Kaelon Black,RB,SF,174.4,72.7,18.0,11.0,77.0,,88.0,360.0,3.0,,,,0.0,-79.60000000000001,188,152,-36
13413,Cyrus Allen,WR,KC,177.4,94.5,18.0,34.0,425.0,3.0,,,,,,,0.0,-79.80000000000001,189,155,-34
3321,Tyreek Hill,WR,FA,225.0,93.7,18.0,33.0,422.0,3.0,1.0,5.0,,,,,10.0,-80.60000000000001,190,196,6
12497,Tory Horton,WR,SEA,228.7,92.0,18.0,31.0,421.0,3.0,1.0,9.0,,,,,1.0,-82.30000000000001,191,204,13
8154,Brian Robinson,RB,ATL,170.2,69.9,18.0,13.0,91.0,,87.0,358.0,2.0,,,,4.0,-82.4,192,150,-42
11597,Theo Johnson,TE,NYG,232.2,77.0,18.0,31.0,340.0,2.0,,,,,,,2.0,-82.80000000000001,193,215,22
6865,Colby Parkinson,TE,LAR,251.4,76.3,18.0,29.0,293.0,3.0,,,,,,Questionable,6.0,-83.50000000000001,194,247,53
12540,Chimere Dike,WR,TEN,229.4,89.4,18.0,38.0,384.0,2.0,6.0,30.0,,,,,1.0,-84.9,195,207,12
9753,Zach Charbonnet,RB,SEA,151.8,67.2,18.0,11.0,78.0,1.0,65.0,264.0,3.0,,,PUP,3.0,-85.10000000000001,196,139,-57
13337,Emmett Johnson,RB,KC,207.1,65.2,18.0,12.0,86.0,1.0,67.0,286.0,2.0,,,,0.0,-87.10000000000001,197,178,-19
9225,Tank Bigsby,RB,PHI,180.6,65.2,18.0,8.0,59.0,,82.0,353.0,3.0,,,,3.0,-87.10000000000001,198,157,-41
11575,Ray Davis,RB,BUF,223.9,65.1,18.0,9.0,68.0,,73.0,313.0,3.0,,,,2.0,-87.20000000000002,199,192,-7
12535,Isaac TeSlaa,WR,DET,226.5,87.1,18.0,28.0,402.0,3.0,2.0,9.0,,,,,1.0,-87.20000000000002,200,199,-1
4039,Cooper Kupp,WR,SEA,197.2,86.4,18.0,32.0,364.0,3.0,,,,,,,9.0,-87.9,201,169,-32
13345,Jonah Coleman,RB,DEN,165.9,63.9,18.0,10.0,75.0,1.0,72.0,304.0,2.0,,,IR,0.0,-88.4,202,146,-56
11637,Keon Coleman,WR,BUF,234.8,85.8,18.0,29.0,375.0,3.0,3.0,13.0,,,,Questionable,2.0,-88.50000000000001,203,219,16
13288,Nicholas Singleton,RB,TEN,227.9,63.7,18.0,12.0,87.0,1.0,65.0,270.0,2.0,,,,0.0,-88.60000000000001,204,201,-3
8698,Jake Tonges,TE,SF,241.4,70.8,18.0,30.0,288.0,2.0,,,,,,IR,4.0,-89.00000000000001,205,233,28
12536,Jaylin Noel,WR,HOU,213.7,85.2,18.0,32.0,374.0,2.0,8.0,38.0,,,,,1.0,-89.10000000000001,206,185,-21
4035,Alvin Kamara,RB,NO,166.6,63.0,18.0,20.0,145.0,1.0,45.0,185.0,1.0,,,,9.0,-89.30000000000001,207,147,-60
11647,Kimani Vidal,RB,LAC,237.8,60.0,18.0,14.0,97.0,,60.0,243.0,2.0,,,,2.0,-92.30000000000001,208,224,16
4137,James Conner,RB,ARI,230.8,57.2,18.0,11.0,82.0,1.0,53.0,220.0,2.0,,,IR,9.0,-95.10000000000001,209,213,4
12457,Jaydon Blue,RB,PHI,228.6,56.6,18.0,9.0,67.0,,68.0,289.0,2.0,,,,1.0,-95.70000000000002,210,203,-7
11435,Emanuel Wilson,RB,SEA,250.3,56.5,18.0,11.0,86.0,,61.0,249.0,2.0,,,,3.0,-95.80000000000001,211,246,35
13320,Zachariah Branch,WR,ATL,211.2,78.5,18.0,30.0,365.0,2.0,,,,,,,0.0,-95.80000000000001,212,182,-30
12483,Jack Bech,WR,LV,238.2,77.9,18.0,30.0,350.0,2.0,1.0,9.0,,,,IR,1.0,-96.4,213,225,12
4981,Calvin Ridley,WR,TEN,253.2,77.3,18.0,27.0,377.0,2.0,1.0,6.0,,,,,8.0,-97.00000000000001,214,249,35
8205,Isiah Pacheco,RB,DET,190.8,53.6,18.0,10.0,73.0,,67.0,263.0,2.0,,,IR,4.0,-98.70000000000002,215,165,-50
13301,Antonio Williams,WR,WAS,235.8,75.2,18.0,28.0,339.0,2.0,2.0,13.0,,,,,0.0,-99.10000000000001,216,220,4
9506,Sean Tucker,RB,TB,243.9,52.5,18.0,8.0,57.0,,66.0,288.0,2.0,,,,3.0,-99.80000000000001,217,241,24
11576,Braelon Allen,RB,NYJ,209.2,52.2,18.0,10.0,69.0,,57.0,233.0,2.0,,,,2.0,-100.10000000000001,218,180,-38
7090,Darnell Mooney,WR,NYG,249.2,73.4,18.0,25.0,361.0,2.0,1.0,3.0,,,,,6.0,-100.9,219,244,25
4033,David Njoku,TE,LAC,219.7,58.0,18.0,23.0,230.0,2.0,,,,,,IR,9.0,-101.80000000000001,220,188,-32
13435,Joe Royer,TE,CLE,683.0,57.8,18.0,23.0,228.0,2.0,,,,,,PUP,0.0,-102.00000000000001,221,335,114
13278,Max Klare,TE,LAR,248.8,56.1,18.0,22.0,221.0,2.0,,,,,,,0.0,-103.70000000000002,222,243,21
9494,Marvin Mims,WR,DEN,219.5,69.9,18.0,27.0,293.0,2.0,6.0,36.0,,,,,3.0,-104.4,223,187,-36
13405,Kaytron Allen,RB,WAS,239.1,45.9,18.0,8.0,59.0,,53.0,220.0,2.0,,,,0.0,-106.4,224,227,3
13311,Chris Bell,WR,MIA,240.9,67.2,18.0,25.0,299.0,2.0,1.0,3.0,,,,Questionable,0.0,-107.10000000000001,225,232,7
11643,Jaylen Wright,RB,MIA,247.9,44.1,18.0,6.0,38.0,,53.0,223.0,2.0,,,,2.0,-108.20000000000002,226,242,16
11627,Troy Franklin,WR,DEN,241.8,66.1,18.0,24.0,287.0,2.0,2.0,14.0,,,,,2.0,-108.20000000000002,227,236,9
96,Aaron Rodgers,QB,PIT,228.8,177.0,18.0,,,,21.0,60.0,,2700.0,18.0,,21.0,-109.68,228,205,-23
13268,Elijah Sarratt,WR,BAL,229.2,61.4,18.0,22.0,270.0,2.0,1.0,4.0,,,,,0.0,-112.9,229,206,-23
12499,Elic Ayomanor,WR,TEN,241.5,56.7,18.0,20.0,247.0,2.0,,,,,,,1.0,-117.60000000000001,230,234,4
13342,John Michael Gyllenborg,TE,KC,611.2,40.4,18.0,11.0,114.0,1.0,,,,,,IR,0.0,-119.4,231,276,45
12504,Kaleb Johnson,RB,GB,220.4,32.0,18.0,5.0,36.0,,42.0,174.0,1.0,,,,1.0,-120.30000000000001,232,189,-43
12476,Devin Neal,RB,MIN,211.9,31.9,18.0,7.0,49.0,,39.0,160.0,1.0,,,,1.0,-120.4,233,183,-50
9502,Tank Dell,WR,HOU,187.7,51.9,18.0,17.0,218.0,2.0,2.0,11.0,,,,IR,3.0,-122.4,234,163,-71
6803,Brandon Aiyuk,WR,SF,251.4,49.6,18.0,16.0,213.0,2.0,,3.0,,,,DNR,6.0,-124.70000000000002,235,248,13
7528,Najee Harris,RB,NYG,222.8,26.3,18.0,5.0,36.0,,30.0,117.0,1.0,,,,5.0,-126.00000000000001,236,191,-45
12455,Brashard Smith,RB,KC,226.3,26.3,18.0,6.0,46.0,,23.0,97.0,1.0,,,,1.0,-126.00000000000001,237,198,-39
13401,Michael Trigg,TE,DAL,249.7,33.8,18.0,14.0,138.0,1.0,,,,,,,0.0,-126.00000000000001,238,245,7
3202,Austin Hooper,TE,ATL,430.0,33.2,18.0,14.0,132.0,1.0,,,,,,,10.0,-126.60000000000001,239,254,15
3257,Jacoby Brissett,QB,ARI,243.0,160.0,18.0,,,,35.0,110.0,1.0,2400.0,15.0,,10.0,-126.68,240,240,0
11237,Jacob Saylors,RB,DET,643.8,25.5,18.0,4.0,30.0,,30.0,125.0,1.0,,,,3.0,-126.80000000000001,241,296,55
13327,Desmond Reid,RB,FA,652.5,25.3,18.0,4.0,31.0,,29.0,122.0,1.0,,,Questionable,0.0,-127.00000000000001,242,303,61
13347,Demond Claiborne,RB,MIN,242.0,24.8,18.0,4.0,30.0,,29.0,138.0,1.0,,,,0.0,-127.50000000000001,243,238,-5
12658,Jackson Hawes,TE,BUF,613.5,31.9,18.0,13.0,129.0,1.0,,,,,,,1.0,-127.9,244,278,34
4950,Christian Kirk,WR,SF,241.7,46.4,18.0,19.0,205.0,1.0,1.0,9.0,,,,IR,8.0,-127.9,245,235,-10
13431,Miles Kitselman,TE,DET,694.9,31.6,18.0,13.0,126.0,1.0,,,,,,,0.0,-128.20000000000002,246,352,106
13357,Lance Mason,TE,FA,685.2,31.6,18.0,13.0,126.0,1.0,,,,,,,0.0,-128.20000000000002,247,338,91
13422,Jaren Kanak,TE,TEN,530.2,31.6,18.0,13.0,126.0,1.0,,,,,,IR,0.0,-128.20000000000002,248,261,13
11579,Audric Estime,RB,MIN,237.4,22.6,18.0,3.0,17.0,,30.0,119.0,1.0,,,,2.0,-129.70000000000002,249,223,-26
13273,Josh Cuevas,TE,BAL,697.1,27.8,18.0,11.0,108.0,1.0,,,,,,,0.0,-132.0,250,356,106
6869,Adam Trautman,TE,DEN,682.8,27.8,18.0,11.0,108.0,1.0,,,,,,,6.0,-132.0,251,334,83
7891,Brock Wright,TE,DET,690.8,27.3,18.0,11.0,103.0,1.0,,,,,,,5.0,-132.5,252,346,94
5010,Will Dissly,TE,FA,647.0,27.0,18.0,11.0,100.0,1.0,,,,,,Questionable,8.0,-132.8,253,299,46
8177,Grant Calcaterra,TE,PHI,685.8,25.6,18.0,10.0,96.0,1.0,,,,,,IR,4.0,-134.20000000000002,254,341,87
8181,Connor Heyward,RB,LV,682.0,14.7,18.0,4.0,33.0,,7.0,14.0,1.0,,,,4.0,-137.60000000000002,255,332,77
13264,Dohnte Meyers,WR,CIN,627.5,36.0,18.0,17.0,190.0,,,,,,,,0.0,-138.3,256,283,27
13419,Jaydn Ott,RB,KC,635.8,11.2,18.0,3.0,19.0,,15.0,63.0,,,,,0.0,-141.10000000000002,257,290,33
12171,British Brooks,RB,HOU,412.0,10.1,18.0,3.0,22.0,,19.0,49.0,,,,Questionable,2.0,-142.20000000000002,258,253,-5
11569,Jarquez Hunter,RB,MIA,240.6,9.6,18.0,2.0,13.0,,15.0,63.0,,,,,1.0,-142.70000000000002,259,231,-28
7561,Elijah Mitchell,RB,FA,658.2,9.3,18.0,2.0,14.0,,14.0,59.0,,,,Questionable,5.0,-143.0,260,306,46
12547,Kyle Williams,WR,NE,222.1,31.2,18.0,10.0,148.0,1.0,1.0,4.0,,,,,1.0,-143.10000000000002,261,190,-71
11510,Hunter Luepke,RB,DAL,666.0,9.0,18.0,5.0,33.0,,2.0,7.0,,,,,3.0,-143.3,262,315,53
11559,Michael Penix,QB,ATL,227.9,143.16,18.0,,,,28.0,94.0,1.0,2194.0,13.0,,2.0,-143.52,263,202,-61
13315,Dean Connors,RB,LAR,666.2,8.4,18.0,2.0,18.0,,11.0,46.0,,,,,0.0,-143.9,264,316,52
13309,Aaron Anderson,WR,FA,592.9,30.2,18.0,11.0,132.0,1.0,,,,,,Questionable,0.0,-144.10000000000002,265,272,7
7607,Michael Carter,RB,TEN,686.5,8.1,18.0,3.0,22.0,,7.0,29.0,,,,,5.0,-144.20000000000002,266,342,76
13354,Eric McAlister,WR,FA,573.0,30.1,18.0,11.0,131.0,1.0,,,,,,Questionable,0.0,-144.20000000000002,267,269,2
4054,Mo Alie-Cox,TE,IND,527.6,15.4,18.0,8.0,74.0,,,,,,,Questionable,9.0,-144.4,268,260,-8
11716,Tip Reiman,TE,ARI,683.5,15.4,18.0,8.0,74.0,,,,,,,PUP,2.0,-144.4,269,336,67
8116,Pierre Strong,RB,GB,682.0,7.5,18.0,2.0,14.0,,10.0,41.0,,,,Questionable,4.0,-144.8,270,333,63
13316,Eric Rivers,WR,TB,695.3,29.4,18.0,11.0,124.0,1.0,,,,,,,0.0,-144.9,271,354,83
12496,Tai Felton,WR,MIN,692.7,29.2,18.0,10.0,126.0,1.0,1.0,6.0,,,,,1.0,-145.10000000000002,272,349,77
10212,Josh Whyle,TE,GB,695.5,13.8,18.0,7.0,68.0,,,,,,,,3.0,-146.0,273,355,82
11299,Zavier Scott,RB,CHI,693.0,5.6,18.0,2.0,15.0,,5.0,21.0,,,,,3.0,-146.70000000000002,274,350,76
9757,Kendre Miller,RB,NO,224.8,5.6,18.0,2.0,16.0,,5.0,20.0,,,,,3.0,-146.70000000000002,275,195,-80
12516,Kalel Mullings,RB,TEN,690.0,5.6,18.0,2.0,16.0,,5.0,20.0,,,,,1.0,-146.70000000000002,276,345,69
13277,CJ Donaldson,RB,NO,465.5,5.2,18.0,1.0,6.0,,10.0,36.0,,,,,0.0,-147.10000000000002,277,255,-22
10216,Kenny McIntosh,RB,FA,618.7,5.2,18.0,2.0,16.0,,4.0,16.0,,,,,3.0,-147.10000000000002,278,280,2
8139,Zamir White,RB,NO,631.7,5.1,18.0,2.0,10.0,,5.0,21.0,,,,,4.0,-147.20000000000002,279,287,8
6938,Cam Akers,RB,FA,652.9,5.1,18.0,2.0,15.0,,4.0,16.0,,,,,6.0,-147.20000000000002,280,304,24
5086,Marquez Valdes-Scantling,WR,LAC,629.8,26.9,18.0,8.0,123.0,1.0,1.0,6.0,,,,,8.0,-147.4,281,285,4
6154,David Sills,WR,TB,405.0,26.9,18.0,9.0,113.0,1.0,1.0,6.0,,,,IR,7.0,-147.4,282,252,-30
2359,Ameer Abdullah,RB,JAX,612.4,4.8,18.0,2.0,15.0,,3.0,13.0,,,,,11.0,-147.5,283,277,-6
8207,Tyler Goodson,RB,DAL,683.8,4.8,18.0,2.0,15.0,,3.0,13.0,,,,,4.0,-147.5,284,337,53
6659,Craig Reynolds,RB,WAS,646.0,4.4,18.0,2.0,16.0,,2.0,8.0,,,,,7.0,-147.9,285,297,12
13047,Jacardia Wright,RB,SEA,677.2,4.3,18.0,2.0,15.0,,2.0,8.0,,,,,1.0,-148.0,286,329,43
11640,Jermaine Burton,WR,FA,594.0,26.0,18.0,8.0,114.0,1.0,1.0,6.0,,,,,1.0,-148.3,287,273,-14
13516,Max Bredeson,RB,MIN,667.3,3.8,18.0,2.0,15.0,,1.0,3.0,,,,,0.0,-148.5,288,317,29
12787,Josh Williams,RB,TB,655.4,3.6,18.0,1.0,5.0,,6.0,21.0,,,,,1.0,-148.70000000000002,289,305,16
7842,Luke Farrell,TE,SF,491.0,10.1,18.0,5.0,51.0,,,,,,,,5.0,-149.70000000000002,290,257,-33
5008,Durham Smythe,TE,BAL,677.8,9.9,18.0,5.0,49.0,,,,,,,,8.0,-149.9,291,330,39
5985,Foster Moreau,TE,HOU,638.3,9.8,18.0,5.0,48.0,,,,,,,,7.0,-150.0,292,293,1
13433,Riley Nowakowski,TE,PIT,643.4,9.6,18.0,5.0,46.0,,,,,,,,0.0,-150.20000000000002,293,295,2
11168,Xavier Smith,WR,LAR,551.0,24.1,18.0,7.0,95.0,1.0,3.0,16.0,,,,,3.0,-150.20000000000002,294,266,-28
12515,Donovan Edwards,RB,FA,636.3,2.1,18.0,,,,5.0,21.0,,,,,1.0,-150.20000000000002,295,291,-4
6820,Clyde Edwards-Helaire,RB,FA,633.3,0.8,18.0,,,,2.0,8.0,,,,,6.0,-151.5,296,288,-8
10227,Payne Durham,TE,TB,564.0,8.1,18.0,4.0,41.0,,,,,,,,3.0,-151.70000000000002,297,268,-29
7536,Quintin Morris,TE,JAX,559.5,8.0,18.0,4.0,40.0,,,,,,,,5.0,-151.8,298,267,-31
13429,Seydou Traore,TE,MIA,668.6,8.0,18.0,4.0,40.0,,,,,,,,0.0,-151.8,299,320,21
7075,Charlie Woerner,TE,ATL,641.5,8.0,18.0,4.0,40.0,,,,,,,,6.0,-151.8,300,294,-6
11606,Dallin Holker,TE,FA,299.6,7.5,18.0,4.0,35.0,,,,,,,,1.0,-152.3,301,250,-51
7946,Jack Stoll,TE,SF,621.3,7.5,18.0,4.0,35.0,,,,,,,,5.0,-152.3,302,281,-21
13846,Jack Velling,TE,ATL,664.6,7.3,18.0,4.0,33.0,,,,,,,,0.0,-152.5,303,313,10
11820,Devin Culp,TE,TB,615.5,7.3,18.0,4.0,33.0,,,,,,,,2.0,-152.5,304,279,-25
7568,Brevin Jordan,TE,HOU,486.2,6.1,18.0,4.0,21.0,,,,,,,,5.0,-153.70000000000002,305,256,-49
10214,Davis Allen,TE,LAR,660.7,5.9,18.0,3.0,29.0,,,,,,,,3.0,-153.9,306,309,3
11433,Nate Adkins,TE,DEN,627.5,5.7,18.0,3.0,27.0,,,,,,,,3.0,-154.10000000000002,307,284,-23
4189,Eric Saubert,TE,SEA,575.5,5.7,18.0,3.0,27.0,,,,,,,,9.0,-154.10000000000002,308,271,-37
11371,Julian Hill,TE,NE,668.8,5.6,18.0,3.0,26.0,,,,,,,IR,3.0,-154.20000000000002,309,321,12
11201,Blake Whiteheart,TE,CLE,533.5,4.4,18.0,2.0,24.0,,,,,,,,3.0,-155.4,310,262,-48
7602,Kylen Granson,TE,TEN,505.0,4.0,18.0,2.0,20.0,,,,,,,,5.0,-155.8,311,258,-53
4995,Ian Thomas,TE,LV,699.8,4.0,18.0,2.0,20.0,,,,,,,,8.0,-155.8,312,360,48
10210,Cameron Latu,TE,NE,673.1,4.0,18.0,2.0,20.0,,,,,,,,3.0,-155.8,313,323,10
6850,Harrison Bryant,TE,FA,631.5,4.0,18.0,2.0,20.0,,,,,,,Questionable,6.0,-155.8,314,286,-28
3048,Chris Manhertz,TE,NYG,625.3,2.3,18.0,1.0,13.0,,,,,,,,11.0,-157.5,315,282,-33
4602,Robert Tonyan,TE,PIT,687.9,1.9,18.0,1.0,9.0,,,,,,,,9.0,-157.9,316,343,27
5133,Tyler Conklin,TE,DET,676.4,1.7,18.0,1.0,7.0,,,,,,,,8.0,-158.10000000000002,317,327,10
4351,Tim Patrick,WR,NYJ,573.0,13.7,18.0,6.0,77.0,,,,,,,IR,9.0,-160.60000000000002,318,270,-48
11157,Brycen Tremayne,WR,CAR,675.5,13.6,18.0,8.0,56.0,,,,,,,,3.0,-160.70000000000002,319,325,6
8204,Bo Melton,WR,GB,695.0,9.8,18.0,4.0,52.0,,1.0,6.0,,,,,4.0,-164.5,320,353,33
4234,Noah Brown,WR,FA,633.8,9.3,18.0,4.0,53.0,,,,,,,,9.0,-165.0,321,289,-32
7039,Cody White,WR,LV,664.0,8.5,18.0,4.0,45.0,,,,,,,,6.0,-165.8,322,312,-10
4992,Dante Pettis,WR,SF,636.7,7.3,18.0,3.0,37.0,,1.0,6.0,,,,,8.0,-167.0,323,292,-31
11921,Xavier Weaver,WR,FA,647.0,7.1,18.0,3.0,35.0,,1.0,6.0,,,,Questionable,2.0,-167.20000000000002,324,300,-24
12539,Arian Smith,WR,NYJ,698.7,7.1,18.0,3.0,35.0,,1.0,6.0,,,,IR,1.0,-167.20000000000002,325,357,32
11617,Malachi Corley,WR,CLE,242.0,6.8,18.0,2.0,20.0,,5.0,28.0,,,,,2.0,-167.5,326,239,-87
6853,Van Jefferson,WR,WAS,699.8,6.8,18.0,3.0,38.0,,,,,,,,6.0,-167.5,327,361,34
13356,Trebor Pena,WR,JAX,662.5,6.6,18.0,3.0,36.0,,,,,,,,0.0,-167.70000000000002,328,311,-17
13318,Noah Thomas,WR,CIN,646.8,6.6,18.0,3.0,36.0,,,,,,,,0.0,-167.70000000000002,329,298,-31
10444,Cedric Tillman,WR,NO,667.4,6.6,18.0,3.0,36.0,,,,,,,,3.0,-167.70000000000002,330,318,-12
13410,Chase Roberts,WR,FA,350.0,6.6,18.0,3.0,36.0,,,,,,,Questionable,0.0,-167.70000000000002,331,251,-80
6960,Tyler Johnson,WR,NYJ,537.5,6.5,18.0,3.0,35.0,,,,,,,,6.0,-167.8,332,263,-69
11034,Jalen Brooks,WR,ARI,691.3,6.5,18.0,3.0,35.0,,,,,,,,3.0,-167.8,333,347,14
4171,Josh Reynolds,WR,FA,598.9,6.5,18.0,3.0,35.0,,,,,,,,9.0,-167.8,334,274,-60
5185,Allen Lazard,WR,FA,694.8,6.4,18.0,3.0,34.0,,,,,,,,7.0,-167.9,335,351,16
4082,Curtis Samuel,WR,FA,688.8,5.3,18.0,2.0,27.0,,1.0,6.0,,,,,9.0,-169.0,336,344,8
12520,Xavier Restrepo,WR,TEN,675.0,4.8,18.0,2.0,22.0,,1.0,6.0,,,,,1.0,-169.5,337,324,-13
8527,Dareke Young,WR,LV,676.0,4.6,18.0,2.0,26.0,,,,,,,,4.0,-169.70000000000002,338,326,-12
4274,David Moore,WR,CAR,610.8,4.3,18.0,2.0,23.0,,,,,,,,9.0,-170.0,339,275,-64
7595,Tylan Wallace,WR,CLE,669.8,4.2,18.0,2.0,22.0,,,,,,,Out,5.0,-170.10000000000002,340,322,-18
12475,Ricky White,WR,SEA,676.5,4.2,18.0,2.0,22.0,,,,,,,,1.0,-170.10000000000002,341,328,-13
11377,Tyrell Shavers,WR,BUF,651.4,4.0,18.0,2.0,19.0,,,1.0,,,,PUP,3.0,-170.3,342,302,-40
5154,Trent Sherfield,WR,BUF,699.3,3.9,18.0,2.0,19.0,,,,,,,,8.0,-170.4,343,358,15
8168,Skyy Moore,WR,GB,685.4,3.0,18.0,1.0,14.0,,1.0,6.0,,,,,4.0,-171.3,344,339,-5
13101,Gage Larvadain,WR,BAL,648.0,1.9,18.0,1.0,9.0,,,,,,,,1.0,-172.4,345,301,-44
7757,Ben Skowronek,WR,PIT,667.7,0.6,18.0,,,,1.0,6.0,,,,,5.0,-173.70000000000002,346,319,-27
3200,Sterling Shepard,WR,NYJ,507.0,0.6,18.0,,,,1.0,6.0,,,,,10.0,-173.70000000000002,347,259,-88
12524,Shedeur Sanders,QB,CLE,236.1,97.12,18.0,,,,26.0,88.0,2.0,1433.0,7.0,,1.0,-189.56,348,221,-127
6768,Tua Tagovailoa,QB,ATL,236.5,92.96,18.0,,,,14.0,30.0,,1499.0,9.0,,6.0,-193.72000000000003,349,222,-127
6011,Gardner Minshew,QB,ARI,677.8,27.96,18.0,,,,6.0,22.0,,394.0,3.0,,7.0,-258.72,350,331,-19
13289,Drew Allar,QB,PIT,699.6,22.02,18.0,,,,5.0,21.0,,398.0,2.0,Out,0.0,-264.66,351,359,8
11565,J.J. McCarthy,QB,NYG,224.2,13.62,18.0,,,,5.0,21.0,,213.0,1.0,,2.0,-273.06,352,193,-159
13275,Ty Simpson,QB,LAR,241.8,13.62,18.0,,,,5.0,19.0,,218.0,1.0,,0.0,-273.06,353,237,-116
827,Tyrod Taylor,QB,GB,658.2,12.9,18.0,,,,4.0,17.0,,205.0,1.0,,15.0,-273.78000000000003,354,307,-47
4179,Joshua Dobbs,QB,DET,692.3,12.4,18.0,,,,4.0,16.0,,195.0,1.0,,9.0,-274.28000000000003,355,348,-7
10217,Clayton Tune,QB,FA,542.0,12.4,18.0,,,,4.0,16.0,,195.0,1.0,,3.0,-274.28000000000003,356,264,-92
1837,Jimmy Garoppolo,QB,FA,685.4,12.32,18.0,,,,2.0,6.0,,218.0,1.0,,12.0,-274.36,357,340,-17
4464,Nick Mullens,QB,JAX,660.0,12.04,18.0,,,,2.0,6.0,,211.0,1.0,,9.0,-274.64,358,308,-50
5127,Kyle Allen,QB,BUF,665.6,12.0,18.0,,,,2.0,12.0,,195.0,1.0,,8.0,-274.68,359,314,-45
260,Josh Johnson,QB,CIN,544.0,11.34,18.0,,,,2.0,13.0,,176.0,1.0,,18.0,-275.34000000000003,360,265,-95
1737,Case Keenum,QB,CHI,662.0,10.76,18.0,,,,,,,194.0,1.0,,14.0,-275.92,361,310,-51
