player_id,player,pos,team,adp_ppr,pts_ppr,games,rec,rec_yd,rec_td,rush_att,rush_yd,rush_td,pass_yd,pass_td,injury_status,years_exp
9221,Jahmyr Gibbs,RB,DET,1.6,331.4,18.0,63.0,533.0,3.0,255.0,1251.0,12.0,,,Questionable,3.0
9509,Bijan Robinson,RB,ATL,1.8,324.9,18.0,64.0,537.0,3.0,280.0,1372.0,9.0,,,,3.0
7564,Ja'Marr Chase,WR,CIN,3.4,311.1,18.0,109.0,1345.0,11.0,3.0,16.0,,,,,5.0
9493,Puka Nacua,WR,LAR,4.9,312.5,18.0,107.0,1400.0,10.0,10.0,55.0,,,,,3.0
4034,Christian McCaffrey,RB,SF,5.0,291.0,18.0,70.0,606.0,4.0,240.0,984.0,7.0,,,,9.0
9488,Jaxon Smith-Njigba,WR,SEA,5.4,284.6,18.0,99.0,1343.0,8.0,6.0,33.0,,,,,3.0
6813,Jonathan Taylor,RB,IND,7.7,272.3,18.0,36.0,278.0,1.0,287.0,1385.0,11.0,,,,6.0
7547,Amon-Ra St. Brown,WR,DET,8.1,280.5,18.0,106.0,1249.0,8.0,3.0,16.0,,,,,5.0
6786,CeeDee Lamb,WR,DAL,10.6,270.5,18.0,96.0,1249.0,8.0,3.0,16.0,,,,,6.0
6794,Justin Jefferson,WR,MIN,12.4,250.4,18.0,90.0,1178.0,7.0,1.0,6.0,,,,,6.0
9226,De'Von Achane,RB,MIA,12.5,245.4,18.0,55.0,424.0,2.0,212.0,1040.0,6.0,,,,3.0
8138,James Cook,RB,BUF,12.7,260.8,18.0,31.0,268.0,2.0,264.0,1270.0,11.0,,,,4.0
8112,Drake London,WR,ATL,14.1,250.2,18.0,90.0,1156.0,7.0,1.0,6.0,,,,,4.0
12527,Ashton Jeanty,RB,LV,15.4,259.5,18.0,50.0,383.0,2.0,281.0,1152.0,8.0,,,,1.0
4866,Saquon Barkley,RB,PHI,16.6,246.7,18.0,37.0,277.0,2.0,271.0,1220.0,8.0,,,,8.0
8130,Trey McBride,TE,ARI,18.7,234.9,18.0,96.0,969.0,7.0,,,,,,,4.0
12507,Omarion Hampton,RB,LAC,18.8,242.9,18.0,48.0,364.0,2.0,232.0,1025.0,8.0,,,,1.0
9224,Chase Brown,RB,CIN,19.0,255.2,18.0,57.0,417.0,3.0,220.0,945.0,8.0,,,,3.0
5859,A.J. Brown,WR,NE,19.4,247.2,18.0,79.0,1176.0,8.0,1.0,6.0,,,,,7.0
13287,Jeremiyah Love,RB,ARI,19.7,238.5,18.0,53.0,392.0,2.0,230.0,1003.0,6.0,,,,0.0
11604,Brock Bowers,TE,LV,20.2,253.5,18.0,102.0,1077.0,7.0,4.0,18.0,,,,,2.0
10229,Rashee Rice,WR,KC,22.7,229.3,18.0,88.0,964.0,7.0,6.0,29.0,,,,,3.0
8151,Kenneth Walker,RB,KC,22.9,244.0,18.0,37.0,272.0,2.0,259.0,1158.0,9.0,,,,4.0
8137,George Pickens,WR,DAL,23.1,245.7,18.0,80.0,1211.0,7.0,1.0,6.0,,,,,4.0
3198,Derrick Henry,RB,BAL,24.6,246.9,18.0,17.0,133.0,1.0,281.0,1406.0,12.0,,,,10.0
7569,Nico Collins,WR,HOU,25.2,251.5,18.0,82.0,1237.0,7.0,3.0,18.0,,,,,5.0
8144,Chris Olave,WR,NO,26.4,231.8,18.0,80.0,1072.0,7.0,1.0,6.0,,,,,4.0
11632,Malik Nabers,WR,NYG,27.3,227.3,18.0,82.0,1057.0,6.0,3.0,16.0,,,,Questionable,2.0
5850,Josh Jacobs,RB,GB,27.6,202.6,18.0,33.0,258.0,1.0,217.0,918.0,8.0,,,Questionable,7.0
4984,Josh Allen,QB,BUF,28.2,361.5,18.0,,,,110.0,535.0,11.0,3650.0,27.0,,8.0
8150,Kyren Williams,RB,LAR,32.2,208.0,18.0,32.0,219.0,2.0,228.0,981.0,8.0,,,,4.0
8155,Breece Hall,RB,NYJ,32.3,214.6,18.0,38.0,320.0,2.0,224.0,1006.0,6.0,,,,4.0
11584,Bucky Irving,RB,TB,34.4,197.3,18.0,36.0,271.0,2.0,211.0,902.0,6.0,,,,2.0
6801,Tee Higgins,WR,CIN,35.5,224.4,18.0,75.0,1048.0,7.0,1.0,6.0,,,,,6.0
7543,Travis Etienne,RB,NO,36.7,207.7,18.0,36.0,287.0,2.0,226.0,950.0,6.0,,,,5.0
12526,Tetairoa McMillan,WR,CAR,37.3,223.0,18.0,77.0,1074.0,6.0,1.0,6.0,,,,,1.0
4881,Lamar Jackson,QB,BAL,37.9,326.0,18.0,,,,119.0,668.0,5.0,3380.0,27.0,,8.0
7588,Javonte Williams,RB,DAL,38.3,207.3,18.0,37.0,239.0,1.0,239.0,1004.0,7.0,,,,5.0
8146,Garrett Wilson,WR,NYJ,40.9,224.9,18.0,83.0,1043.0,6.0,3.0,16.0,,,,,4.0
12519,Luther Burden,WR,CHI,41.1,218.0,18.0,76.0,936.0,7.0,11.0,64.0,,,,Questionable,1.0
12517,Colston Loveland,TE,CHI,41.2,215.4,18.0,84.0,950.0,6.0,1.0,4.0,,,,,1.0
11635,Ladd McConkey,WR,LAC,41.9,228.2,18.0,81.0,1040.0,7.0,2.0,12.0,,,,,2.0
9997,Zay Flowers,WR,BAL,43.8,228.2,18.0,81.0,1103.0,6.0,5.0,29.0,,,,Questionable,3.0
7525,DeVonta Smith,WR,PHI,44.9,229.2,18.0,80.0,1066.0,7.0,1.0,6.0,,,,Questionable,5.0
12514,Emeka Egbuka,WR,TB,45.8,224.0,18.0,77.0,1029.0,7.0,3.0,21.0,,,,,1.0
7526,Jaylen Waddle,WR,DEN,46.2,221.0,18.0,77.0,1002.0,7.0,3.0,18.0,,,,Questionable,5.0
2133,Davante Adams,WR,LAR,46.9,192.5,18.0,63.0,795.0,8.0,,,,,,,12.0
12529,TreVeyon Henderson,RB,NE,47.8,179.5,18.0,35.0,260.0,1.0,176.0,785.0,6.0,,,,1.0
12481,Cam Skattebo,RB,NYG,48.7,209.5,18.0,44.0,317.0,1.0,225.0,938.0,6.0,,,,1.0
12518,Tyler Warren,TE,IND,50.1,201.1,18.0,83.0,862.0,5.0,5.0,19.0,,,,,1.0
11564,Drake Maye,QB,NE,51.2,320.76,18.0,,,,85.0,416.0,4.0,3854.0,29.0,,2.0
8148,Jameson Williams,WR,DET,51.6,206.2,18.0,60.0,998.0,7.0,8.0,44.0,,,,,4.0
12512,Quinshon Judkins,RB,CLE,55.0,196.0,18.0,32.0,228.0,1.0,244.0,1012.0,6.0,,,,1.0
5892,David Montgomery,RB,HOU,56.3,202.1,18.0,33.0,245.0,1.0,236.0,986.0,7.0,,,,7.0
5927,Terry McLaurin,WR,WAS,56.6,216.2,18.0,75.0,1045.0,6.0,1.0,7.0,,,,,7.0
6770,Joe Burrow,QB,CIN,57.1,306.12,18.0,,,,46.0,138.0,2.0,4008.0,33.0,,6.0
2216,Mike Evans,WR,SF,57.8,222.2,18.0,70.0,1022.0,8.0,,,,,,Questionable,12.0
4983,DJ Moore,WR,BUF,59.3,179.0,18.0,63.0,851.0,5.0,5.0,29.0,,,,,8.0
12490,Bhayshul Tuten,RB,JAX,60.4,174.8,18.0,32.0,234.0,1.0,184.0,794.0,6.0,,,,1.0
11566,Jayden Daniels,QB,WAS,62.1,314.52,18.0,,,,126.0,686.0,6.0,3373.0,22.0,,2.0
12506,Harold Fannin,TE,CLE,62.6,180.4,18.0,74.0,739.0,5.0,6.0,25.0,,,,,1.0
13279,Carnell Tate,WR,TEN,62.9,190.3,18.0,71.0,882.0,5.0,2.0,11.0,,,,,0.0
11620,Rome Odunze,WR,CHI,64.2,207.9,18.0,68.0,973.0,7.0,1.0,6.0,,,,,2.0
6790,D'Andre Swift,RB,CHI,65.1,205.7,18.0,37.0,287.0,1.0,209.0,940.0,7.0,,,,6.0
6904,Jalen Hurts,QB,PHI,67.2,310.54,18.0,,,,120.0,515.0,9.0,3326.0,21.0,,6.0
9484,Tucker Kraft,TE,GB,67.3,174.4,18.0,67.0,774.0,5.0,,,,,,Questionable,3.0
12489,RJ Harvey,RB,DEN,68.4,144.1,18.0,37.0,276.0,2.0,124.0,515.0,3.0,,,,1.0
8167,Christian Watson,WR,GB,68.4,207.6,18.0,63.0,1012.0,7.0,2.0,14.0,,,,,4.0
13281,Jordyn Tyson,WR,NO,69.0,178.6,18.0,66.0,816.0,5.0,2.0,10.0,,,,,0.0
11631,Brian Thomas,WR,JAX,69.6,195.4,18.0,62.0,897.0,7.0,3.0,17.0,,,,,2.0
7553,Kyle Pitts,TE,ATL,71.3,171.6,18.0,66.0,756.0,5.0,,,,,,,5.0
5846,DK Metcalf,WR,PIT,74.4,183.3,18.0,62.0,843.0,6.0,2.0,10.0,,,,,7.0
8228,Jaylen Warren,RB,PIT,74.8,170.6,18.0,36.0,267.0,1.0,172.0,759.0,5.0,,,,4.0
7594,Chuba Hubbard,RB,CAR,74.9,162.9,18.0,29.0,193.0,1.0,190.0,806.0,5.0,,,,5.0
11628,Marvin Harrison,WR,ARI,75.8,186.2,18.0,62.0,882.0,6.0,,,,,,,2.0
10859,Sam LaPorta,TE,DET,76.4,196.5,18.0,76.0,842.0,6.0,1.0,3.0,,,,,3.0
13294,Makai Lemon,WR,PHI,76.6,168.5,18.0,60.0,775.0,5.0,2.0,10.0,,,,Questionable,0.0
5045,Courtland Sutton,WR,DEN,77.9,174.3,18.0,59.0,793.0,6.0,,,,,,,8.0
10232,Michael Wilson,WR,ARI,80.2,166.0,18.0,59.0,764.0,5.0,1.0,6.0,,,,,3.0
13286,Jadarian Price,RB,SEA,80.3,170.0,18.0,19.0,138.0,1.0,212.0,912.0,7.0,,,Questionable,0.0
12508,Jaxson Dart,QB,NYG,80.6,296.54,18.0,,,,106.0,539.0,6.0,3366.0,22.0,,1.0
7611,Rhamondre Stevenson,RB,NE,82.7,166.3,18.0,29.0,214.0,1.0,177.0,759.0,6.0,,,,5.0
11560,Caleb Williams,QB,CHI,82.9,299.34,18.0,,,,75.0,373.0,3.0,3651.0,28.0,,2.0
9487,Parker Washington,WR,JAX,83.2,212.4,18.0,72.0,906.0,7.0,10.0,58.0,,,,,3.0
8142,Alec Pierce,WR,IND,83.6,177.9,18.0,54.0,872.0,6.0,1.0,7.0,,,,PUP,4.0
6797,Justin Herbert,QB,LAC,83.7,295.48,18.0,,,,70.0,338.0,3.0,3842.0,26.0,,6.0
5967,Tony Pollard,RB,TEN,85.6,160.1,18.0,28.0,187.0,1.0,189.0,794.0,5.0,,,,7.0
5947,Jakobi Meyers,WR,JAX,87.6,169.3,18.0,64.0,732.0,5.0,4.0,21.0,,,,,7.0
7021,Rico Dowdle,RB,PIT,88.1,161.1,18.0,38.0,273.0,1.0,159.0,678.0,4.0,,,,6.0
12534,Kyle Monangai,RB,CHI,89.5,154.6,18.0,23.0,165.0,1.0,166.0,751.0,6.0,,,,1.0
3294,Dak Prescott,QB,DAL,90.3,303.88,18.0,,,,44.0,152.0,1.0,4292.0,31.0,,10.0
7523,Trevor Lawrence,QB,JAX,92.3,303.42,18.0,,,,79.0,339.0,5.0,3788.0,26.0,,5.0
6806,J.K. Dobbins,RB,DEN,92.5,160.2,18.0,26.0,190.0,1.0,171.0,732.0,6.0,,,,6.0
4037,Chris Godwin,WR,TB,92.6,173.6,18.0,68.0,750.0,5.0,1.0,6.0,,,,,9.0
12493,Oronde Gadsden,TE,LAC,94.7,141.8,18.0,56.0,618.0,4.0,,,,,,,1.0
10236,Dalton Kincaid,TE,BUF,97.1,163.6,18.0,66.0,736.0,4.0,,,,,,,3.0
4217,George Kittle,TE,SF,97.4,169.3,18.0,62.0,713.0,6.0,,,,,,PUP,9.0
11586,Blake Corum,RB,LAR,98.3,135.3,18.0,15.0,106.0,,172.0,757.0,6.0,,,,2.0
4046,Patrick Mahomes,QB,KC,100.1,286.68,18.0,,,,47.0,202.0,1.0,3962.0,29.0,Questionable,9.0
9756,Jordan Addison,WR,MIN,100.7,171.7,18.0,60.0,795.0,5.0,4.0,22.0,,,,Questionable,3.0
9754,Quentin Johnston,WR,LAC,102.6,163.9,18.0,58.0,748.0,5.0,2.0,11.0,,,,,3.0
6819,Michael Pittman,WR,PIT,102.9,170.9,18.0,69.0,772.0,4.0,1.0,7.0,,,,,6.0
8126,Wan'Dale Robinson,WR,TEN,103.0,164.1,18.0,68.0,706.0,4.0,3.0,15.0,,,,,4.0
8183,Brock Purdy,QB,SF,103.5,303.2,18.0,,,,64.0,242.0,3.0,3900.0,30.0,,4.0
8110,Jake Ferguson,TE,DAL,104.0,159.8,18.0,70.0,618.0,5.0,,,,,,,4.0
3214,Hunter Henry,TE,NE,106.2,153.5,18.0,58.0,655.0,5.0,,,,,,,10.0
7567,Kenny Gainwell,RB,TB,106.9,152.3,18.0,47.0,355.0,2.0,99.0,418.0,3.0,,,,5.0
1466,Travis Kelce,TE,KC,107.1,171.4,18.0,70.0,714.0,5.0,,,,,,,13.0
4199,Aaron Jones,RB,MIN,108.8,137.1,18.0,34.0,248.0,1.0,131.0,563.0,3.0,,,,9.0
5022,Dallas Goedert,TE,PHI,109.1,136.0,18.0,53.0,590.0,4.0,,,,,,,8.0
5012,Mark Andrews,TE,BAL,110.7,162.5,18.0,60.0,653.0,6.0,6.0,12.0,,,,,8.0
12533,Jacory Croskey-Merritt,RB,WAS,114.9,127.9,18.0,19.0,135.0,1.0,141.0,614.0,5.0,,,,1.0
421,Matthew Stafford,QB,LAR,115.2,280.22,18.0,,,,27.0,19.0,,4033.0,32.0,,17.0
8121,Romeo Doubs,WR,NE,115.3,161.2,18.0,57.0,742.0,5.0,,,,,,,4.0
LAR,Los Angeles Rams,DST,LAR,115.5,106.0,1.0,,,,,,,,,,
10222,Jayden Reed,WR,GB,116.0,197.6,18.0,70.0,853.0,6.0,14.0,83.0,,,,,3.0
8131,Isaiah Likely,TE,NYG,117.3,157.3,18.0,62.0,653.0,5.0,,,,,,,4.0
13330,Kenyon Sadiq,TE,NYJ,118.2,131.1,18.0,52.0,542.0,4.0,2.0,9.0,,,,Questionable,0.0
11563,Bo Nix,QB,DEN,118.7,295.72,18.0,,,,76.0,330.0,4.0,3768.0,26.0,,2.0
HOU,Houston Texans,DST,HOU,119.0,104.0,1.0,,,,,,,,,,
3163,Jared Goff,QB,DET,122.0,283.46,18.0,,,,29.0,53.0,1.0,4104.0,30.0,,10.0
8154,Brian Robinson,RB,ATL,123.8,69.9,18.0,13.0,91.0,,87.0,358.0,2.0,,,,4.0
SEA,Seattle Seahawks,DST,SEA,124.2,103.0,1.0,,,,,,,,,,
6804,Jordan Love,QB,GB,124.8,278.52,18.0,,,,51.0,202.0,2.0,3808.0,27.0,,6.0
9500,Josh Downs,WR,IND,125.1,180.4,18.0,74.0,810.0,4.0,2.0,14.0,,,,Questionable,3.0
9753,Zach Charbonnet,RB,SEA,125.8,67.2,18.0,11.0,78.0,1.0,65.0,264.0,3.0,,,PUP,3.0
2449,Stefon Diggs,WR,WAS,125.9,163.0,18.0,62.0,704.0,5.0,1.0,6.0,,,,,11.0
8136,Rachaad White,RB,WAS,127.2,128.1,18.0,34.0,253.0,1.0,114.0,468.0,3.0,,,,4.0
9480,Brenton Strange,TE,JAX,128.8,161.0,18.0,63.0,680.0,5.0,,,,,,,3.0
PHI,Philadelphia Eagles,DST,PHI,129.0,98.0,1.0,,,,,,,,,,
8408,Jordan Mason,RB,MIN,130.5,153.7,18.0,20.0,140.0,1.0,190.0,797.0,6.0,,,,4.0
12484,Jayden Higgins,WR,HOU,131.1,165.4,18.0,57.0,778.0,5.0,1.0,6.0,,,,,1.0
8132,Tyler Allgeier,RB,ARI,132.5,69.4,18.0,8.0,54.0,,95.0,400.0,3.0,,,,4.0
DEN,Denver Broncos,DST,DEN,132.8,96.0,1.0,,,,,,,,,,
8134,Khalil Shakir,WR,BUF,133.8,166.5,18.0,69.0,725.0,4.0,2.0,10.0,,,,,4.0
12501,Matthew Golden,WR,GB,134.1,170.1,18.0,58.0,770.0,5.0,8.0,51.0,,,,,1.0
11624,Xavier Worthy,WR,KC,134.9,161.5,18.0,55.0,695.0,4.0,17.0,90.0,1.0,,,Questionable,2.0
7002,Juwan Johnson,TE,NO,135.3,136.6,18.0,54.0,586.0,4.0,,,,,,,6.0
11646,Jalen Coker,WR,CAR,136.3,165.9,18.0,60.0,753.0,5.0,1.0,6.0,,,,,2.0
5001,Dalton Schultz,TE,HOU,137.0,133.5,18.0,55.0,545.0,4.0,,,,,,,8.0
8161,Malik Willis,QB,MIA,137.8,270.12,18.0,,,,125.0,712.0,5.0,2848.0,17.0,,4.0
11583,Jonathon Brooks,RB,CAR,138.0,120.0,18.0,23.0,166.0,1.0,122.0,524.0,4.0,,,,2.0
4892,Baker Mayfield,QB,TB,140.9,274.88,18.0,,,,63.0,306.0,2.0,3682.0,26.0,,8.0
12474,Woody Marks,RB,HOU,141.2,83.8,18.0,19.0,137.0,1.0,86.0,351.0,2.0,,,,1.0
5844,T.J. Hockenson,TE,MIN,141.2,155.0,18.0,66.0,650.0,4.0,,,,,,,7.0
10219,Chris Rodriguez,RB,JAX,141.6,132.5,18.0,15.0,107.0,,171.0,728.0,6.0,,,,3.0
BAL,Baltimore Ravens,DST,BAL,142.2,95.0,1.0,,,,,,,,,,
5849,Kyler Murray,QB,MIN,142.2,265.2,18.0,,,,83.0,488.0,3.0,3285.0,20.0,,7.0
13298,KC Concepcion,WR,CLE,143.2,156.4,18.0,58.0,710.0,4.0,9.0,54.0,,,,,0.0
12545,Tyler Shough,QB,NO,144.4,270.94,18.0,,,,84.0,343.0,3.0,3666.0,22.0,,1.0
13345,Jonah Coleman,RB,DEN,145.0,63.9,18.0,10.0,75.0,1.0,72.0,304.0,2.0,,,,0.0
11655,Tyrone Tracy,RB,NYG,145.3,111.3,18.0,21.0,155.0,1.0,124.0,528.0,3.0,,,,2.0
8210,Chig Okonkwo,TE,WAS,146.2,144.1,18.0,61.0,591.0,4.0,,,,,,,4.0
7049,Jauan Jennings,WR,MIN,146.3,105.7,18.0,39.0,487.0,3.0,,,,,,,6.0
13346,Denzel Boston,WR,CLE,147.5,123.9,18.0,48.0,567.0,3.0,2.0,12.0,,,,,0.0
13276,Omar Cooper,WR,NYJ,149.3,127.1,18.0,45.0,567.0,4.0,3.0,14.0,,,,,0.0
NE,New England Patriots,DST,NE,149.4,92.0,1.0,,,,,,,,,,
13337,Emmett Johnson,RB,KC,149.7,65.2,18.0,12.0,86.0,1.0,67.0,286.0,2.0,,,,0.0
11603,AJ Barner,TE,SEA,150.1,142.4,18.0,58.0,530.0,4.0,10.0,14.0,1.0,,,,2.0
9508,Tyjae Spears,RB,TEN,151.9,114.6,18.0,35.0,248.0,1.0,92.0,388.0,2.0,,,Questionable,3.0
4137,James Conner,RB,ARI,152.2,57.2,18.0,11.0,82.0,1.0,53.0,220.0,2.0,,,Questionable,9.0
8676,Rashid Shaheed,WR,SEA,152.2,138.1,18.0,45.0,665.0,4.0,8.0,46.0,,,,,4.0
4035,Alvin Kamara,RB,NO,157.7,63.0,18.0,20.0,145.0,1.0,45.0,185.0,1.0,,,,9.0
12487,Terrance Ferguson,TE,LAR,158.7,87.5,18.0,32.0,375.0,3.0,,,,,,,1.0
MIN,Minnesota Vikings,DST,MIN,160.0,92.0,1.0,,,,,,,,,,
12530,Travis Hunter,WR,JAX,160.2,100.6,18.0,35.0,415.0,3.0,4.0,21.0,,,,,1.0
DET,Detroit Lions,DST,DET,162.2,92.0,1.0,,,,,,,,,,
8111,Cade Otton,TE,TB,162.7,128.0,18.0,56.0,540.0,3.0,,,,,,,4.0
9758,C.J. Stroud,QB,HOU,163.4,238.2,18.0,,,,54.0,220.0,2.0,3405.0,21.0,,3.0
11618,Jalen McMillan,WR,TB,163.7,127.4,18.0,44.0,561.0,4.0,6.0,33.0,,,,Questionable,2.0
5872,Deebo Samuel,WR,SF,164.3,155.7,18.0,56.0,628.0,4.0,17.0,89.0,1.0,,,,7.0
9511,Keaton Mitchell,RB,LAC,164.9,96.9,18.0,18.0,134.0,1.0,88.0,435.0,3.0,,,,3.0
4943,Sam Darnold,QB,SEA,165.3,262.74,18.0,,,,44.0,157.0,2.0,3676.0,26.0,,8.0
12522,Cam Ward,QB,TEN,165.9,227.84,18.0,,,,46.0,182.0,2.0,3516.0,19.0,,1.0
12469,Dylan Sampson,RB,CLE,166.4,88.7,18.0,23.0,176.0,1.0,78.0,321.0,2.0,,,,1.0
8180,Jalen Nailor,WR,LV,166.5,130.6,18.0,46.0,587.0,4.0,3.0,19.0,,,,,4.0
8205,Isiah Pacheco,RB,DET,167.2,53.6,18.0,10.0,73.0,,67.0,263.0,2.0,,,,4.0
13301,Antonio Williams,WR,WAS,168.1,75.2,18.0,28.0,339.0,2.0,2.0,13.0,,,,,0.0
13269,Fernando Mendoza,QB,LV,169.5,212.16,18.0,,,,53.0,234.0,2.0,2894.0,19.0,,0.0
11533,Brandon Aubrey,K,DAL,171.1,116.0,18.0,,,,,,,,,,3.0
8259,Cameron Dicker,K,LAC,172.2,106.0,18.0,,,,,,,,,,4.0
4033,David Njoku,TE,LAC,172.4,79.7,18.0,31.0,307.0,3.0,,,,,,,9.0
6783,Jerry Jeudy,WR,CLE,173.5,119.6,18.0,43.0,581.0,3.0,1.0,5.0,,,,,6.0
13349,Eli Stowers,TE,PHI,173.9,81.4,18.0,31.0,319.0,3.0,2.0,5.0,,,,,0.0
3321,Tyreek Hill,WR,FA,174.0,93.7,18.0,33.0,422.0,3.0,1.0,5.0,,,,Questionable,10.0
11576,Braelon Allen,RB,NYJ,174.1,52.2,18.0,10.0,69.0,,57.0,233.0,2.0,,,,2.0
2747,Jason Myers,K,SEA,175.5,111.0,18.0,,,,,,,,,,11.0
13288,Nicholas Singleton,RB,TEN,176.4,63.7,18.0,12.0,87.0,1.0,65.0,270.0,2.0,,,,0.0
JAX,Jacksonville Jaguars,DST,JAX,177.2,91.0,1.0,,,,,,,,,,
11625,Adonai Mitchell,WR,NYJ,177.9,98.3,18.0,35.0,443.0,3.0,1.0,10.0,,,,,2.0
9504,Kayshon Boutte,WR,NE,178.7,94.6,18.0,31.0,456.0,3.0,,,,,,,3.0
13305,Mike Washington,RB,LV,179.1,62.0,18.0,9.0,69.0,1.0,66.0,281.0,2.0,,,,0.0
13320,Zachariah Branch,WR,ATL,180.4,100.6,18.0,37.0,456.0,3.0,,,,,,,0.0
12015,Harrison Mevis,K,LAR,181.0,106.0,18.0,,,,,,,,,,2.0
11647,Kimani Vidal,RB,LAC,181.1,60.0,18.0,14.0,97.0,,60.0,243.0,2.0,,,,2.0
13405,Kaytron Allen,RB,WAS,181.2,45.9,18.0,8.0,59.0,,53.0,220.0,2.0,,,,0.0
PIT,Pittsburgh Steelers,DST,PIT,181.2,88.0,1.0,,,,,,,,,,
11589,Trey Benson,RB,ARI,182.2,27.2,18.0,3.0,22.0,1.0,30.0,120.0,1.0,,,,2.0
12713,Andy Borregales,K,NE,184.0,96.0,18.0,,,,,,,,,,1.0
11627,Troy Franklin,WR,DEN,184.7,85.6,18.0,30.0,359.0,3.0,3.0,17.0,,,,,2.0
9225,Tank Bigsby,RB,PHI,187.7,65.2,18.0,8.0,59.0,,82.0,353.0,3.0,,,,3.0
KC,Kansas City Chiefs,DST,KC,189.2,87.0,1.0,,,,,,,,,,
6803,Brandon Aiyuk,WR,SF,190.2,49.6,18.0,16.0,213.0,2.0,,3.0,,,,DNR,6.0
8698,Jake Tonges,TE,SF,191.4,70.8,18.0,30.0,288.0,2.0,,,,,,,4.0
3451,Ka'imi Fairbairn,K,HOU,192.0,113.0,18.0,,,,,,,,,,10.0
NYG,New York Giants,DST,NYG,192.5,86.0,1.0,,,,,,,,,,
9506,Sean Tucker,RB,TB,192.8,52.5,18.0,8.0,57.0,,66.0,288.0,2.0,,,,3.0
9228,Bryce Young,QB,CAR,194.2,235.58,18.0,,,,51.0,245.0,3.0,3202.0,20.0,,3.0
12509,Tre' Harris,WR,LAC,194.5,112.9,18.0,39.0,493.0,4.0,1.0,6.0,,,,,1.0
5870,Daniel Jones,QB,IND,195.1,223.54,18.0,,,,47.0,191.0,2.0,3286.0,19.0,,7.0
LAC,Los Angeles Chargers,DST,LAC,197.6,86.0,1.0,,,,,,,,,,
13293,Ja'Kobi Lane,WR,BAL,197.8,90.1,18.0,32.0,396.0,3.0,1.0,5.0,,,,,0.0
12535,Isaac TeSlaa,WR,DET,198.6,105.4,18.0,33.0,473.0,4.0,2.0,11.0,,,,,1.0
12499,Elic Ayomanor,WR,TEN,199.8,56.7,18.0,20.0,247.0,2.0,,,,,,,1.0
6865,Colby Parkinson,TE,LAR,200.2,78.8,18.0,30.0,308.0,3.0,,,,,,,6.0
12502,Gunnar Helm,TE,TEN,200.8,130.3,18.0,57.0,553.0,3.0,,,,,,,1.0
3257,Jacoby Brissett,QB,ARI,200.9,160.0,18.0,,,,35.0,110.0,1.0,2400.0,15.0,,10.0
11786,Cam Little,K,JAX,201.0,112.0,18.0,,,,,,,,,,2.0
13417,De'Zhaun Stribling,WR,SF,202.4,128.4,18.0,46.0,584.0,4.0,,,,,,,0.0
11435,Emanuel Wilson,RB,SEA,203.3,56.5,18.0,11.0,86.0,,61.0,249.0,2.0,,,,3.0
GB,Green Bay Packers,DST,GB,203.4,86.0,1.0,,,,,,,,,,
5189,Eddy Pineiro,K,SF,204.0,101.0,18.0,,,,,,,,,,8.0
11792,Will Reichard,K,MIN,204.4,109.0,18.0,,,,,,,,,,2.0
DAL,Dallas Cowboys,DST,DAL,205.5,86.0,1.0,,,,,,,,,,
9502,Tank Dell,WR,HOU,206.7,69.4,18.0,24.0,317.0,2.0,3.0,17.0,,,,Questionable,3.0
10213,Tre Tucker,WR,LV,207.2,111.8,18.0,40.0,506.0,3.0,6.0,32.0,,,,,3.0
11575,Ray Davis,RB,BUF,208.6,65.1,18.0,9.0,68.0,,73.0,313.0,3.0,,,,2.0
CHI,Chicago Bears,DST,CHI,209.2,85.0,1.0,,,,,,,,,,
12476,Devin Neal,RB,NO,211.9,31.9,18.0,7.0,49.0,,39.0,160.0,1.0,,,Questionable,1.0
7528,Najee Harris,RB,FA,212.3,26.3,18.0,5.0,36.0,,30.0,117.0,1.0,,,Questionable,5.0
12536,Jaylin Noel,WR,HOU,213.7,82.9,18.0,31.0,362.0,2.0,7.0,37.0,,,,Questionable,1.0
SF,San Francisco 49ers,DST,SF,214.0,84.0,1.0,,,,,,,,,,
11643,Jaylen Wright,RB,MIA,215.1,44.1,18.0,6.0,38.0,,53.0,223.0,2.0,,,,2.0
12504,Kaleb Johnson,RB,PIT,217.5,32.0,18.0,5.0,36.0,,42.0,174.0,1.0,,,,1.0
13347,Demond Claiborne,RB,MIN,218.3,33.5,18.0,9.0,67.0,,29.0,138.0,1.0,,,,0.0
IND,Indianapolis Colts,DST,IND,219.0,84.0,1.0,,,,,,,,,,
9494,Marvin Mims,WR,DEN,219.5,69.9,18.0,27.0,293.0,2.0,6.0,36.0,,,,Questionable,3.0
13274,Germie Bernard,WR,PIT,220.8,98.9,18.0,36.0,439.0,3.0,2.0,10.0,,,,,0.0
7090,Darnell Mooney,WR,NYG,221.1,58.6,18.0,19.0,273.0,2.0,1.0,3.0,,,,,6.0
12547,Kyle Williams,WR,NE,222.1,31.2,18.0,10.0,148.0,1.0,1.0,4.0,,,,,1.0
2020,Cairo Santos,K,CHI,222.2,100.0,18.0,,,,,,,,,,12.0
12492,Pat Bryant,WR,DEN,222.5,96.4,18.0,35.0,425.0,3.0,2.0,9.0,,,,,1.0
13317,Ted Hurst,WR,TB,223.5,97.9,18.0,36.0,426.0,3.0,2.0,13.0,,,,,0.0
4227,Harrison Butker,K,KC,224.0,100.0,18.0,,,,,,,,,,9.0
7839,Evan McPherson,K,CIN,224.2,106.0,18.0,,,,,,,,,,5.0
11565,J.J. McCarthy,QB,MIN,224.2,19.62,18.0,,,,5.0,21.0,1.0,213.0,1.0,,2.0
12498,Mason Taylor,TE,NYJ,224.3,77.3,18.0,33.0,323.0,2.0,,,,,,,1.0
9757,Kendre Miller,RB,NO,224.8,5.6,18.0,2.0,16.0,,5.0,20.0,,,,Questionable,3.0
BUF,Buffalo Bills,DST,BUF,225.2,84.0,1.0,,,,,,,,,,
12524,Shedeur Sanders,QB,CLE,225.8,97.12,18.0,,,,26.0,88.0,2.0,1433.0,7.0,,1.0
12455,Brashard Smith,RB,KC,226.3,19.9,18.0,4.0,32.0,,16.0,67.0,1.0,,,,1.0
11783,Ryan Flournoy,WR,DAL,227.6,121.2,18.0,47.0,549.0,3.0,2.0,13.0,,,,,2.0
4981,Calvin Ridley,WR,TEN,227.7,77.3,18.0,27.0,377.0,2.0,1.0,6.0,,,,,8.0
11559,Michael Penix,QB,ATL,227.9,108.38,18.0,,,,20.0,67.0,1.0,1567.0,10.0,Questionable,2.0
ATL,Atlanta Falcons,DST,ATL,228.4,83.0,1.0,,,,,,,,,,
12497,Tory Horton,WR,SEA,228.7,92.0,18.0,31.0,421.0,3.0,1.0,9.0,,,,,1.0
13268,Elijah Sarratt,WR,BAL,229.2,89.1,18.0,32.0,386.0,3.0,1.0,5.0,,,,,0.0
12540,Chimere Dike,WR,TEN,229.4,89.4,18.0,38.0,384.0,2.0,6.0,30.0,,,,,1.0
13311,Chris Bell,WR,MIA,231.4,91.2,18.0,33.0,398.0,3.0,1.0,4.0,,,,PUP,0.0
11597,Theo Johnson,TE,NYG,232.2,77.0,18.0,31.0,340.0,2.0,,,,,,,2.0
TB,Tampa Bay Buccaneers,DST,TB,232.4,81.0,1.0,,,,,,,,,,
7571,Rashod Bateman,WR,BAL,232.7,84.1,18.0,28.0,381.0,3.0,,,,,,,5.0
11539,Jake Bates,K,DET,233.0,105.0,18.0,,,,,,,,,,3.0
1479,Keenan Allen,WR,FA,233.2,95.0,18.0,38.0,390.0,3.0,,,,,,,13.0
11637,Keon Coleman,WR,BUF,234.8,38.8,18.0,14.0,182.0,1.0,1.0,6.0,,,,,2.0
4039,Cooper Kupp,WR,SEA,235.2,86.4,18.0,32.0,364.0,3.0,,,,,,,9.0
6768,Tua Tagovailoa,QB,ATL,236.5,137.94,18.0,,,,20.0,43.0,,2141.0,14.0,Questionable,6.0
12457,Jaydon Blue,RB,DAL,236.6,44.9,18.0,7.0,49.0,,50.0,210.0,2.0,,,,1.0
11579,Audric Estime,RB,NO,237.4,22.6,18.0,3.0,17.0,,30.0,119.0,1.0,,,,2.0
12483,Jack Bech,WR,LV,238.2,89.2,18.0,35.0,412.0,2.0,1.0,10.0,,,,,1.0
12711,Tyler Loop,K,BAL,238.4,106.0,18.0,,,,,,,,,,1.0
CAR,Carolina Panthers,DST,CAR,238.4,81.0,1.0,,,,,,,,,,
1945,Chris Boswell,K,PIT,239.4,107.0,18.0,,,,,,,,,,12.0
11834,Devaughn Vele,WR,NO,239.8,91.0,18.0,33.0,392.0,3.0,1.0,8.0,,,,,2.0
6650,Chase McLaughlin,K,TB,240.2,105.0,18.0,,,,,,,,,,7.0
11569,Jarquez Hunter,RB,LAR,240.6,9.6,18.0,2.0,13.0,,15.0,63.0,,,,,1.0
4195,Jake Elliott,K,PHI,240.9,90.0,18.0,,,,,,,,,,9.0
CIN,Cincinnati Bengals,DST,CIN,241.2,79.0,1.0,,,,,,,,,,
4950,Christian Kirk,WR,SF,241.7,46.4,18.0,19.0,205.0,1.0,1.0,9.0,,,,Questionable,8.0
13275,Ty Simpson,QB,LAR,241.8,13.62,18.0,,,,5.0,19.0,,218.0,1.0,,0.0
13285,Malachi Fields,WR,NYG,242.4,81.6,18.0,28.0,351.0,3.0,1.0,5.0,,,,,0.0
NO,New Orleans Saints,DST,NO,244.6,77.0,1.0,,,,,,,,,,
13278,Max Klare,TE,LAR,248.8,56.1,18.0,22.0,221.0,2.0,,,,,,,0.0
13401,Michael Trigg,TE,DAL,249.7,33.8,18.0,14.0,138.0,1.0,,,,,,,0.0
3678,Wil Lutz,K,DEN,253.3,100.0,18.0,,,,,,,,,,10.0
6083,Matt Gay,K,LV,263.3,75.0,18.0,,,,,,,,,,7.0
CLE,Cleveland Browns,DST,CLE,266.6,74.0,1.0,,,,,,,,,,
7922,Riley Patterson,K,MIA,267.0,37.0,18.0,,,,,,,,,,5.0
11653,Charlie Smyth,K,NO,269.0,93.0,18.0,,,,,,,,,,2.0
TEN,Tennessee Titans,DST,TEN,270.2,67.0,1.0,,,,,,,,,,
ARI,Arizona Cardinals,DST,ARI,273.0,66.0,1.0,,,,,,,,,,
LV,Las Vegas Raiders,DST,LV,279.3,65.0,1.0,,,,,,,,,,
NYJ,New York Jets,DST,NYJ,282.2,64.0,1.0,,,,,,,,,,
650,Nick Folk,K,ATL,285.5,95.0,18.0,,,,,,,,,,19.0
MIA,Miami Dolphins,DST,MIA,299.0,62.0,1.0,,,,,,,,,,
7042,Tyler Bass,K,BUF,299.0,103.0,18.0,,,,,,,,,,6.0
10937,Jake Moody,K,WAS,333.0,91.0,18.0,,,,,,,,,,3.0
4666,Younghoe Koo,K,FA,339.0,22.0,18.0,,,,,,,,,,9.0
11261,Andre Szmyt,K,CLE,342.0,84.0,18.0,,,,,,,,,,4.0
12961,Ryan Fitzgerald,K,CAR,347.0,92.0,18.0,,,,,,,,,,1.0
8258,Cade York,K,NYJ,350.0,13.0,18.0,,,,,,,,,,4.0
10955,Chad Ryland,K,ARI,350.0,89.0,18.0,,,,,,,,,,3.0
6528,Joey Slye,K,TEN,351.0,84.0,18.0,,,,,,,,,,7.0
13545,Trey Smack,K,GB,353.2,70.0,18.0,,,,,,,,,,0.0
13833,Dominic Zvada,K,NYG,355.3,56.0,18.0,,,,,,,,,,0.0
13066,Ben Sauls,K,NYG,369.0,41.0,18.0,,,,,,,,,,1.0
WAS,Washington Commanders,DST,WAS,999.0,75.0,1.0,,,,,,,,,,
10216,Kenny McIntosh,RB,FA,999.0,5.2,18.0,2.0,16.0,,4.0,16.0,,,,,3.0
11199,Emari Demercado,RB,KC,999.0,38.3,18.0,12.0,83.0,,29.0,120.0,1.0,,,,3.0
11299,Zavier Scott,RB,MIN,999.0,11.1,18.0,4.0,29.0,,10.0,42.0,,,,,3.0
11370,Chris Brooks,RB,GB,999.0,56.3,18.0,14.0,100.0,,50.0,203.0,2.0,,,PUP,3.0
11439,Jaleel McLaughlin,RB,DEN,999.0,7.5,18.0,2.0,15.0,,10.0,40.0,,,,,3.0
11510,Hunter Luepke,RB,DAL,999.0,9.0,18.0,5.0,33.0,,2.0,7.0,,,,,3.0
11570,Rasheen Ali,RB,BAL,999.0,38.7,18.0,12.0,87.0,,29.0,120.0,1.0,,,,2.0
11571,Isaiah Davis,RB,NYJ,999.0,60.5,18.0,13.0,94.0,,62.0,261.0,2.0,,,Questionable,2.0
11574,Dylan Laube,RB,LV,999.0,5.1,18.0,2.0,10.0,,5.0,21.0,,,,,2.0
11577,Will Shipley,RB,PHI,999.0,33.8,18.0,10.0,73.0,,25.0,105.0,1.0,,,,2.0
11581,MarShawn Lloyd,RB,GB,999.0,51.8,18.0,7.0,47.0,,68.0,281.0,2.0,,,,2.0
11588,Jawhar Jordan,RB,HOU,999.0,27.0,18.0,5.0,33.0,,31.0,127.0,1.0,,,Questionable,2.0
11651,Isaac Guerendo,RB,SF,999.0,21.2,18.0,2.0,16.0,,28.0,116.0,1.0,,,PUP,2.0
11729,Sione Vaki,RB,DET,999.0,4.0,18.0,2.0,16.0,,1.0,4.0,,,,Questionable,2.0
12048,George Holani,RB,SEA,999.0,25.2,18.0,4.0,29.0,,30.0,123.0,1.0,,,,2.0
7757,Ben Skowronek,WR,PIT,999.0,0.6,18.0,,,,1.0,6.0,,,,,5.0
8117,Jalen Tolbert,WR,MIA,999.0,34.2,18.0,13.0,152.0,1.0,,,,,,,4.0
8119,Jahan Dotson,WR,ATL,999.0,63.9,18.0,23.0,275.0,2.0,2.0,14.0,,,,,4.0
8125,Calvin Austin,WR,NYG,999.0,43.4,18.0,16.0,201.0,1.0,2.0,13.0,,,,,4.0
8135,Treylon Burks,WR,WAS,999.0,34.8,18.0,12.0,152.0,1.0,3.0,16.0,,,,,4.0
8147,John Metchie,WR,CAR,999.0,48.8,18.0,20.0,220.0,1.0,1.0,8.0,,,,,4.0
8168,Skyy Moore,WR,GB,999.0,3.0,18.0,1.0,14.0,,1.0,6.0,,,,,4.0
8188,Tyquan Thornton,WR,KC,999.0,62.6,18.0,20.0,306.0,2.0,,,,,,,4.0
8200,Kevin Austin,WR,NO,999.0,30.9,18.0,11.0,134.0,1.0,1.0,5.0,,,,,4.0
8204,Bo Melton,WR,GB,999.0,9.8,18.0,4.0,52.0,,1.0,6.0,,,,,4.0
8527,Dareke Young,WR,LV,999.0,4.6,18.0,2.0,26.0,,,,,,,,4.0
8917,KaVontae Turpin,WR,DAL,999.0,71.5,18.0,21.0,268.0,2.0,14.0,77.0,1.0,,,,4.0
9486,Dontayvion Wicks,WR,PHI,999.0,70.4,18.0,26.0,316.0,2.0,1.0,8.0,,,,,3.0
9501,DeMario Douglas,WR,NE,999.0,59.3,18.0,20.0,250.0,2.0,3.0,23.0,,,,,3.0
5970,Greg Dortch,WR,DET,999.0,25.7,18.0,10.0,101.0,1.0,3.0,16.0,,,,,7.0
6149,Darius Slayton,WR,NYG,999.0,86.6,18.0,28.0,406.0,3.0,,,,,,,7.0
6154,David Sills,WR,TB,999.0,26.9,18.0,9.0,113.0,1.0,1.0,6.0,,,,,7.0
6271,Olamide Zaccheaus,WR,ATL,999.0,75.8,18.0,30.0,326.0,2.0,2.0,12.0,,,,,7.0
6427,Ashton Dulin,WR,IND,999.0,3.0,18.0,1.0,14.0,,1.0,6.0,,,,,7.0
6853,Van Jefferson,WR,WAS,999.0,6.8,18.0,3.0,38.0,,,,,,,,6.0
6920,Isaiah Hodgins,WR,NYG,999.0,9.2,18.0,4.0,52.0,,,,,,,,6.0
6957,James Proche,WR,FA,999.0,0.6,18.0,,,,1.0,6.0,,,,,6.0
6960,Tyler Johnson,WR,DAL,999.0,6.5,18.0,3.0,35.0,,,,,,,,6.0
7039,Cody White,WR,SEA,999.0,8.5,18.0,4.0,45.0,,,,,,,,6.0
7496,Nick Westbrook-Ikhine,WR,IND,999.0,26.7,18.0,9.0,117.0,1.0,,,,,,,6.0
7562,Tutu Atwell,WR,MIA,999.0,33.7,18.0,11.0,155.0,1.0,2.0,12.0,,,,,5.0
7587,Dyami Brown,WR,WAS,999.0,4.9,18.0,2.0,23.0,,1.0,6.0,,,,,5.0
7595,Tylan Wallace,WR,CLE,999.0,4.2,18.0,2.0,22.0,,,,,,,,5.0
7612,Dee Eskridge,WR,FA,999.0,4.9,18.0,2.0,23.0,,1.0,6.0,,,,,5.0
7670,Joshua Palmer,WR,BUF,999.0,32.6,18.0,12.0,146.0,1.0,,,,,,,5.0
3286,Demarcus Robinson,WR,SF,999.0,38.1,18.0,14.0,181.0,1.0,,,,,,,10.0
3634,Kalif Raymond,WR,CHI,999.0,27.7,18.0,9.0,116.0,1.0,2.0,11.0,,,,,10.0
4040,JuJu Smith-Schuster,WR,NYG,999.0,31.6,18.0,12.0,130.0,1.0,1.0,6.0,,,,,9.0
4082,Curtis Samuel,WR,FA,999.0,5.3,18.0,2.0,27.0,,1.0,6.0,,,,,9.0
4171,Josh Reynolds,WR,FA,999.0,6.5,18.0,3.0,35.0,,,,,,,Questionable,9.0
4177,Mack Hollins,WR,NE,999.0,59.9,18.0,21.0,263.0,2.0,1.0,6.0,,,,,9.0
4234,Noah Brown,WR,FA,999.0,21.8,18.0,7.0,88.0,1.0,,,,,,Questionable,9.0
4274,David Moore,WR,CAR,999.0,4.3,18.0,2.0,23.0,,,,,,,,9.0
4351,Tim Patrick,WR,NYJ,999.0,13.7,18.0,6.0,77.0,,,,,,,,9.0
4454,Kendrick Bourne,WR,ARI,999.0,71.3,18.0,28.0,313.0,2.0,,,,,,,9.0
4992,Dante Pettis,WR,BUF,999.0,7.3,18.0,3.0,37.0,,1.0,6.0,,,,,8.0
5086,Marquez Valdes-Scantling,WR,DAL,999.0,26.9,18.0,8.0,123.0,1.0,1.0,6.0,,,,,8.0
5154,Trent Sherfield,WR,BUF,999.0,3.9,18.0,2.0,19.0,,,,,,,,8.0
5185,Allen Lazard,WR,FA,999.0,6.4,18.0,3.0,34.0,,,,,,,,7.0
5848,Marquise Brown,WR,PHI,999.0,67.5,18.0,25.0,305.0,2.0,,,,,,,7.0
5938,Lil'Jordan Humphrey,WR,DEN,999.0,24.0,18.0,8.0,100.0,1.0,,,,,,,7.0
13394,Josh Cameron,WR,JAX,999.0,59.6,18.0,21.0,244.0,2.0,4.0,22.0,,,,,0.0
13402,Skyler Bell,WR,BUF,999.0,92.2,18.0,32.0,415.0,3.0,1.0,7.0,,,,,0.0
13410,Chase Roberts,WR,LV,999.0,6.6,18.0,3.0,36.0,,,,,,,,0.0
13411,Zavion Thomas,WR,CHI,999.0,57.2,18.0,20.0,252.0,2.0,,,,,,,0.0
13413,Cyrus Allen,WR,KC,999.0,37.2,18.0,14.0,172.0,1.0,,,,,,,0.0
13420,Bryce Lance,WR,NO,999.0,38.7,18.0,15.0,177.0,1.0,,,,,,,0.0
13477,Colbie Young,WR,CIN,999.0,31.0,18.0,11.0,140.0,1.0,,,,,,,0.0
13491,Kaden Wetjen,WR,PIT,999.0,4.2,18.0,2.0,22.0,,,,,,,,0.0
13533,Barion Brown,WR,NO,999.0,29.6,18.0,10.0,136.0,1.0,,,,,,,0.0
1426,DeAndre Hopkins,WR,FA,999.0,2.5,18.0,1.0,15.0,,,,,,,,13.0
2078,Odell Beckham,WR,NYG,999.0,28.0,18.0,10.0,120.0,1.0,,,,,,,12.0
2197,Brandin Cooks,WR,FA,999.0,28.8,18.0,10.0,128.0,1.0,,,,,,,12.0
2374,Tyler Lockett,WR,FA,999.0,28.3,18.0,11.0,113.0,1.0,,,,,,,11.0
2750,DeAndre Carter,WR,FA,999.0,1.8,18.0,1.0,17.0,,2.0,11.0,,,,,11.0
3200,Sterling Shepard,WR,FA,999.0,0.6,18.0,,,,1.0,6.0,,,,,10.0
3269,Chris Moore,WR,BAL,999.0,4.1,18.0,2.0,21.0,,,,,,,,10.0
12860,Theo Wease,WR,MIA,999.0,67.6,18.0,25.0,306.0,2.0,,,,,,,1.0
13079,Jahdae Walker,WR,CHI,999.0,25.9,18.0,9.0,109.0,1.0,,,,,,,1.0
13101,Gage Larvadain,WR,CLE,999.0,1.9,18.0,1.0,9.0,,,,,,,,1.0
13150,Darius Cooper,WR,PHI,999.0,6.7,18.0,3.0,37.0,,,,,,,,1.0
13270,CJ Daniels,WR,LAR,999.0,39.3,18.0,15.0,177.0,1.0,1.0,6.0,,,,,0.0
13296,Caleb Douglas,WR,MIA,999.0,32.5,18.0,12.0,145.0,1.0,,,,,,,0.0
13297,Reggie Virgil,WR,ARI,999.0,6.6,18.0,3.0,36.0,,,,,,,,0.0
13309,Aaron Anderson,WR,CLE,999.0,30.2,18.0,11.0,132.0,1.0,,,,,,IR,0.0
13316,Eric Rivers,WR,TB,999.0,29.4,18.0,11.0,124.0,1.0,,,,,,,0.0
13318,Noah Thomas,WR,CIN,999.0,6.6,18.0,3.0,36.0,,,,,,,,0.0
13333,Deion Burks,WR,IND,999.0,27.6,18.0,10.0,114.0,1.0,,2.0,,,,,0.0
13336,Dane Key,WR,DEN,999.0,6.6,18.0,3.0,36.0,,,,,,,,0.0
13338,Kevin Coleman,WR,MIA,999.0,32.4,18.0,12.0,144.0,1.0,,,,,,Questionable,0.0
13354,Eric McAlister,WR,FA,999.0,30.1,18.0,11.0,131.0,1.0,,,,,,Questionable,0.0
13356,Trebor Pena,WR,JAX,999.0,6.6,18.0,3.0,36.0,,,,,,,,0.0
13380,Brenen Thompson,WR,LAC,999.0,39.0,18.0,14.0,190.0,1.0,,,,,,,0.0
12475,Ricky White,WR,SEA,999.0,4.2,18.0,2.0,22.0,,,,,,,,1.0
12482,Savion Williams,WR,GB,999.0,32.0,18.0,10.0,118.0,1.0,6.0,42.0,,,,,1.0
12485,Tez Johnson,WR,TB,999.0,38.4,18.0,14.0,174.0,1.0,2.0,10.0,,,,Questionable,1.0
12496,Tai Felton,WR,MIN,999.0,29.2,18.0,10.0,126.0,1.0,1.0,6.0,,,,,1.0
12503,Isaiah Bond,WR,CLE,999.0,71.8,18.0,26.0,316.0,2.0,4.0,22.0,,,,,1.0
12505,Jalen Royals,WR,KC,999.0,40.7,18.0,16.0,179.0,1.0,1.0,8.0,,,,,1.0
12520,Xavier Restrepo,WR,TEN,999.0,4.8,18.0,2.0,22.0,,1.0,6.0,,,,,1.0
12523,Jimmy Horn,WR,CAR,999.0,30.2,18.0,10.0,124.0,1.0,3.0,18.0,,,,,1.0
12539,Arian Smith,WR,NYJ,999.0,7.1,18.0,3.0,35.0,,1.0,6.0,,,,,1.0
12541,Dont'e Thornton,WR,LV,999.0,29.4,18.0,10.0,134.0,1.0,,,,,,Questionable,1.0
12542,Efton Chism,WR,NE,999.0,31.2,18.0,12.0,126.0,1.0,1.0,6.0,,,,,1.0
12634,Jordan Watkins,WR,SF,999.0,2.4,18.0,1.0,14.0,,,,,,,,1.0
12641,Jaylin Lane,WR,WAS,999.0,37.7,18.0,14.0,163.0,1.0,2.0,14.0,,,,,1.0
12670,KeAndre Lambert-Smith,WR,LAC,999.0,35.5,18.0,13.0,159.0,1.0,1.0,6.0,,,,,1.0
12699,LaJohntay Wester,WR,BAL,999.0,1.0,18.0,1.0,14.0,,1.0,6.0,,,,,1.0
12718,Konata Mumpfield,WR,LAR,999.0,41.7,18.0,16.0,197.0,1.0,,,,,,,1.0
11168,Xavier Smith,WR,LAR,999.0,24.1,18.0,7.0,95.0,1.0,3.0,16.0,,,,,3.0
11320,Nikko Remigio,WR,KC,999.0,0.6,18.0,,,,1.0,6.0,,,,,3.0
11377,Tyrell Shavers,WR,BUF,999.0,29.2,18.0,10.0,126.0,1.0,1.0,6.0,,,,PUP,3.0
11608,Isaiah Williams,WR,NYJ,999.0,31.3,18.0,12.0,135.0,1.0,3.0,18.0,,,,,2.0
11610,Malik Washington,WR,MIA,999.0,100.7,18.0,37.0,396.0,2.0,22.0,121.0,,,,,2.0
11616,Jacob Cowing,WR,SF,999.0,1.7,18.0,1.0,7.0,,,,,,,Questionable,2.0
11617,Malachi Corley,WR,CLE,999.0,6.8,18.0,2.0,20.0,,5.0,28.0,,,,,2.0
11623,Jordan Whittington,WR,LAR,999.0,23.3,18.0,8.0,87.0,1.0,1.0,6.0,,,,,2.0
11626,Xavier Legette,WR,CAR,999.0,66.0,18.0,24.0,290.0,2.0,1.0,10.0,,,,,2.0
11629,Devontez Walker,WR,BAL,999.0,12.2,18.0,5.0,66.0,,1.0,6.0,,,,,2.0
11630,Roman Wilson,WR,PIT,999.0,26.8,18.0,9.0,118.0,1.0,,,,,,,2.0
11640,Jermaine Burton,WR,FA,999.0,26.0,18.0,8.0,114.0,1.0,1.0,6.0,,,,,1.0
11650,Luke McCaffrey,WR,WAS,999.0,9.3,18.0,4.0,53.0,,,,,,,,2.0
11762,Anthony Gould,WR,IND,999.0,3.2,18.0,1.0,16.0,,1.0,6.0,,,,,2.0
11921,Xavier Weaver,WR,ARI,999.0,7.1,18.0,3.0,35.0,,1.0,6.0,,,,Questionable,2.0
11994,Kameron Johnson,WR,TB,999.0,4.8,18.0,2.0,28.0,,,,,,,,2.0
12462,Damien Martinez,RB,GB,999.0,7.5,18.0,2.0,14.0,,10.0,41.0,,,,,1.0
12467,Jordan James,RB,SF,999.0,59.7,18.0,11.0,80.0,,68.0,287.0,2.0,,,Questionable,1.0
12471,DJ Giddens,RB,IND,999.0,30.0,18.0,6.0,43.0,,33.0,137.0,1.0,,,,1.0
12472,Raheim Sanders,RB,CLE,999.0,4.7,18.0,2.0,7.0,,5.0,20.0,,,,,1.0
12495,Ollie Gordon,RB,MIA,999.0,23.2,18.0,3.0,22.0,,30.0,120.0,1.0,,,,1.0
12515,Donovan Edwards,RB,MIA,999.0,2.1,18.0,,,,5.0,21.0,,,,,1.0
12516,Kalel Mullings,RB,TEN,999.0,5.6,18.0,2.0,16.0,,5.0,20.0,,,,Questionable,1.0
12531,Trevor Etienne,RB,CAR,999.0,31.1,18.0,5.0,37.0,,40.0,164.0,1.0,,,,1.0
12543,Tahj Brooks,RB,CIN,999.0,24.4,18.0,3.0,22.0,,33.0,132.0,1.0,,,,1.0
12544,LeQuint Allen,RB,JAX,999.0,56.2,18.0,18.0,127.0,1.0,33.0,135.0,1.0,,,,1.0
12738,Phil Mafah,RB,DAL,999.0,6.7,18.0,2.0,15.0,,8.0,32.0,,,,,1.0
13047,Jacardia Wright,RB,SEA,999.0,4.3,18.0,2.0,15.0,,2.0,8.0,,,,,1.0
13302,Adam Randall,RB,BAL,999.0,30.1,18.0,8.0,58.0,,25.0,103.0,1.0,,,,0.0
13315,Dean Connors,RB,LAR,999.0,8.4,18.0,2.0,18.0,,11.0,46.0,,,,,0.0
13327,Desmond Reid,RB,FA,999.0,25.3,18.0,4.0,31.0,,29.0,122.0,1.0,,,Questionable,0.0
13348,J'Mari Taylor,RB,JAX,999.0,30.7,18.0,5.0,37.0,,38.0,160.0,1.0,,,,0.0
10218,Xavier Hutchinson,WR,HOU,999.0,32.5,18.0,12.0,145.0,1.0,,,,,,,3.0
10226,Andrei Iosivas,WR,CIN,999.0,91.3,18.0,32.0,403.0,3.0,2.0,10.0,,,,,3.0
10444,Cedric Tillman,WR,CLE,999.0,6.6,18.0,3.0,36.0,,,,,,,,3.0
10867,Jake Bobo,WR,SEA,999.0,4.2,18.0,2.0,22.0,,,,,,,Questionable,3.0
11034,Jalen Brooks,WR,ARI,999.0,6.5,18.0,3.0,35.0,,,,,,,,3.0
13403,Jam Miller,RB,NE,999.0,20.4,18.0,3.0,22.0,,22.0,92.0,1.0,,,,0.0
13414,Kaelon Black,RB,SF,999.0,42.3,18.0,6.0,43.0,,49.0,200.0,2.0,,,Questionable,0.0
13419,Jaydn Ott,RB,KC,999.0,11.2,18.0,3.0,19.0,,15.0,63.0,,,,,0.0
13424,Seth McGowan,RB,IND,999.0,36.3,18.0,7.0,49.0,,44.0,184.0,1.0,,,,0.0
1379,Kyle Juszczyk,RB,SF,999.0,19.9,18.0,11.0,80.0,,3.0,9.0,,,,Questionable,13.0
13946,Jamal Haynes,RB,CIN,999.0,9.6,18.0,2.0,13.0,,15.0,63.0,,,,,0.0
2359,Ameer Abdullah,RB,JAX,999.0,4.8,18.0,2.0,15.0,,3.0,13.0,,,,,11.0
2749,Raheem Mostert,RB,FA,999.0,12.5,18.0,5.0,33.0,,10.0,42.0,,,,Questionable,11.0
4098,Kareem Hunt,RB,FA,999.0,24.2,18.0,3.0,22.0,,35.0,130.0,1.0,,,,9.0
4147,Samaje Perine,RB,CIN,999.0,57.6,18.0,12.0,85.0,,60.0,251.0,2.0,,,,9.0
4219,Jeremy McNichols,RB,WAS,999.0,9.4,18.0,3.0,22.0,,10.0,42.0,,,,,9.0
4663,Austin Ekeler,RB,FA,999.0,33.1,18.0,9.0,63.0,,28.0,118.0,1.0,,,,9.0
4718,Dare Ogunbowale,RB,LV,999.0,7.5,18.0,4.0,27.0,,2.0,8.0,,,,,9.0
4988,Nick Chubb,RB,FA,999.0,27.9,18.0,5.0,31.0,,35.0,138.0,1.0,,,,8.0
5995,Justice Hill,RB,BAL,999.0,67.7,18.0,24.0,176.0,1.0,33.0,141.0,1.0,,,,7.0
6039,Ty Johnson,RB,BUF,999.0,55.8,18.0,17.0,131.0,1.0,32.0,137.0,1.0,,,Questionable,7.0
8249,Lucas Krull,TE,DEN,999.0,8.1,18.0,4.0,41.0,,,,,,,,4.0
8484,Ko Kieft,TE,TB,999.0,2.3,18.0,1.0,13.0,,,,,,,,4.0
8489,Drew Ogletree,TE,IND,999.0,5.4,18.0,3.0,24.0,,,,,,,,4.0
8583,Stone Smartt,TE,PHI,999.0,5.7,18.0,3.0,27.0,,,,,,,,4.0
8885,Tucker Fisk,TE,FA,999.0,7.5,18.0,4.0,35.0,,,,,,,,4.0
9479,Darnell Washington,TE,PIT,999.0,88.9,18.0,35.0,359.0,3.0,,,,,,,3.0
9481,Luke Musgrave,TE,GB,999.0,40.6,18.0,17.0,176.0,1.0,,,,,,PUP,3.0
9482,Michael Mayer,TE,LV,999.0,80.8,18.0,34.0,348.0,2.0,,,,,,,3.0
7568,Brevin Jordan,TE,HOU,999.0,6.1,18.0,4.0,21.0,,,,,,,Questionable,5.0
7600,Pat Freiermuth,TE,PIT,999.0,128.4,18.0,51.0,534.0,4.0,,,,,,,5.0
7602,Kylen Granson,TE,TEN,999.0,4.0,18.0,2.0,20.0,,,,,,,,5.0
7694,Tommy Tremble,TE,CAR,999.0,31.8,18.0,13.0,128.0,1.0,,,,,,,5.0
7716,John Bates,TE,WAS,999.0,31.8,18.0,13.0,128.0,1.0,,,,,,Questionable,5.0
7828,Noah Gray,TE,KC,999.0,59.1,18.0,24.0,231.0,2.0,,,,,,,5.0
7842,Luke Farrell,TE,SF,999.0,10.1,18.0,5.0,51.0,,,,,,,,5.0
7891,Brock Wright,TE,DET,999.0,27.3,18.0,11.0,103.0,1.0,,,,,,,5.0
7946,Jack Stoll,TE,CLE,999.0,7.5,18.0,4.0,35.0,,,,,,,,5.0
8041,Shane Zylstra,TE,BUF,999.0,2.3,18.0,1.0,13.0,,,,,,,,5.0
8127,Charlie Kolar,TE,LAC,999.0,38.4,18.0,16.0,162.0,1.0,1.0,2.0,,,,,4.0
8145,Jeremy Ruckert,TE,NYJ,999.0,9.3,18.0,5.0,43.0,,,,,,,,4.0
8172,Greg Dulcich,TE,MIA,999.0,110.9,18.0,47.0,459.0,3.0,,,,,,Questionable,4.0
8177,Grant Calcaterra,TE,PHI,999.0,25.6,18.0,10.0,96.0,1.0,,,,,,,4.0
8181,Connor Heyward,TE,LV,999.0,14.7,18.0,4.0,33.0,,7.0,14.0,1.0,,,,4.0
8225,Daniel Bellinger,TE,TEN,999.0,40.1,18.0,17.0,171.0,1.0,,,,,,,4.0
4995,Ian Thomas,TE,LV,999.0,4.0,18.0,2.0,20.0,,,,,,,,8.0
5008,Durham Smythe,TE,BAL,999.0,9.9,18.0,5.0,49.0,,,,,,,,8.0
5010,Will Dissly,TE,FA,999.0,27.0,18.0,11.0,100.0,1.0,,,,,,Questionable,8.0
5133,Tyler Conklin,TE,DET,999.0,1.7,18.0,1.0,7.0,,,,,,,,8.0
5409,Tanner Hudson,TE,CIN,999.0,5.8,18.0,3.0,28.0,,,,,,,,8.0
5857,Noah Fant,TE,NO,999.0,36.6,18.0,15.0,156.0,1.0,,,,,,,7.0
5906,Dawson Knox,TE,BUF,999.0,76.4,18.0,28.0,304.0,3.0,,,,,,,7.0
5973,Josh Oliver,TE,MIN,999.0,31.4,18.0,13.0,124.0,1.0,,,,,,,7.0
5985,Foster Moreau,TE,HOU,999.0,9.8,18.0,5.0,48.0,,,,,,,,7.0
6001,Drew Sample,TE,CIN,999.0,31.6,18.0,13.0,126.0,1.0,,,,,,,7.0
6826,Cole Kmet,TE,CHI,999.0,79.7,18.0,34.0,337.0,2.0,,,,,,,6.0
6850,Harrison Bryant,TE,FA,999.0,4.0,18.0,2.0,20.0,,,,,,,Questionable,6.0
6869,Adam Trautman,TE,DEN,999.0,27.8,18.0,11.0,108.0,1.0,,,,,,,6.0
7075,Charlie Woerner,TE,ATL,999.0,8.0,18.0,4.0,40.0,,,,,,,,6.0
7531,Feleipe Franks,TE,CAR,999.0,1.9,18.0,1.0,7.0,,1.0,2.0,,,,,5.0
7536,Quintin Morris,TE,JAX,999.0,8.0,18.0,4.0,40.0,,,,,,,,5.0
13433,Riley Nowakowski,TE,PIT,999.0,9.6,18.0,5.0,46.0,,,,,,,,0.0
13434,Will Kacmarek,TE,MIA,999.0,61.6,18.0,25.0,246.0,2.0,,,,,,,0.0
13435,Joe Royer,TE,CLE,999.0,57.8,18.0,23.0,228.0,2.0,,,,,,,0.0
13516,Max Bredeson,TE,MIN,999.0,3.8,18.0,2.0,15.0,,1.0,3.0,,,,,0.0
13846,Jack Velling,TE,ATL,999.0,7.3,18.0,4.0,33.0,,,,,,,,0.0
2505,Darren Waller,TE,FA,999.0,85.6,18.0,32.0,356.0,3.0,,,,,,Questionable,11.0
3048,Chris Manhertz,TE,NYG,999.0,2.3,18.0,1.0,13.0,,,,,,,,11.0
3202,Austin Hooper,TE,ATL,999.0,33.2,18.0,14.0,132.0,1.0,,,,,,,10.0
3271,Tyler Higbee,TE,LAR,999.0,32.9,18.0,14.0,129.0,1.0,,,,,,,10.0
4054,Mo Alie-Cox,TE,IND,999.0,15.4,18.0,8.0,74.0,,,,,,,,9.0
4066,Evan Engram,TE,DEN,999.0,70.7,18.0,31.0,277.0,2.0,,,,,,,9.0
4144,Jonnu Smith,TE,FA,999.0,35.9,18.0,15.0,139.0,1.0,2.0,10.0,,,,,9.0
4189,Eric Saubert,TE,SEA,999.0,5.7,18.0,3.0,27.0,,,,,,,,9.0
4381,Taysom Hill,TE,FA,999.0,9.5,18.0,4.0,35.0,,5.0,20.0,,,,,9.0
4602,Robert Tonyan,TE,PIT,999.0,1.9,18.0,1.0,9.0,,,,,,,,9.0
4993,Mike Gesicki,TE,CIN,999.0,104.9,18.0,42.0,449.0,3.0,,,,,,,8.0
13273,Josh Cuevas,TE,BAL,999.0,27.8,18.0,11.0,108.0,1.0,,,,,,,0.0
13282,Jack Endries,TE,CIN,999.0,53.3,18.0,21.0,203.0,2.0,,,,,,,0.0
13299,Nate Boerkircher,TE,JAX,999.0,27.4,18.0,11.0,104.0,1.0,,,,,,,0.0
13307,Marlin Klein,TE,HOU,999.0,29.5,18.0,12.0,115.0,1.0,,,,,,,0.0
13319,Oscar Delp,TE,NO,999.0,39.4,18.0,17.0,164.0,1.0,,,,,,,0.0
13322,Sam Roush,TE,CHI,999.0,33.5,18.0,14.0,135.0,1.0,,,,,,,0.0
13324,Matt Hibner,TE,BAL,999.0,31.8,18.0,13.0,128.0,1.0,,,,,,,0.0
13342,John Michael Gyllenborg,TE,KC,999.0,40.4,18.0,11.0,114.0,1.0,,,,,,IR,0.0
13357,Lance Mason,TE,PIT,999.0,31.6,18.0,13.0,126.0,1.0,,,,,,,0.0
1339,Zach Ertz,TE,FA,999.0,36.7,18.0,16.0,147.0,1.0,,,,,,,13.0
13400,Justin Joly,TE,DEN,999.0,58.0,18.0,23.0,230.0,2.0,,,,,,,0.0
13408,Tanner Koziol,TE,JAX,999.0,32.8,18.0,14.0,128.0,1.0,,,,,,,0.0
13421,Eli Raridon,TE,NE,999.0,33.0,18.0,14.0,130.0,1.0,,,,,,,0.0
13422,Jaren Kanak,TE,TEN,999.0,31.6,18.0,13.0,126.0,1.0,,,,,,,0.0
13429,Seydou Traore,TE,MIA,999.0,8.0,18.0,4.0,40.0,,,,,,,,0.0
13431,Miles Kitselman,TE,DET,999.0,31.6,18.0,13.0,126.0,1.0,,,,,,IR,0.0
10231,Elijah Higgins,TE,ARI,999.0,41.9,18.0,18.0,179.0,1.0,,,,,,,3.0
10871,Luke Schoonmaker,TE,DAL,999.0,31.4,18.0,13.0,124.0,1.0,,,,,,,3.0
11201,Blake Whiteheart,TE,CLE,999.0,4.4,18.0,2.0,24.0,,,,,,,,3.0
11371,Julian Hill,TE,NE,999.0,5.6,18.0,3.0,26.0,,,,,,,IR,3.0
11433,Nate Adkins,TE,DEN,999.0,5.7,18.0,3.0,27.0,,,,,,,Questionable,3.0
11593,Brevyn Spann-Ford,TE,DAL,999.0,29.4,18.0,12.0,114.0,1.0,,,,,,,2.0
11596,Ben Sinnott,TE,WAS,999.0,27.5,18.0,11.0,105.0,1.0,,,,,,,2.0
11599,Cade Stover,TE,HOU,999.0,33.2,18.0,14.0,130.0,1.0,2.0,2.0,,,,,2.0
11600,Ja'Tavion Sanders,TE,CAR,999.0,37.8,18.0,17.0,148.0,1.0,,,,,,,2.0
11606,Dallin Holker,TE,FA,999.0,7.5,18.0,4.0,35.0,,,,,,,,1.0
11716,Tip Reiman,TE,ARI,999.0,15.4,18.0,8.0,74.0,,,,,,,PUP,2.0
11820,Devin Culp,TE,TB,999.0,7.3,18.0,4.0,33.0,,,,,,,,2.0
12473,Mitchell Evans,TE,CAR,999.0,31.9,18.0,13.0,129.0,1.0,,,,,,,1.0
12521,Elijah Arroyo,TE,SEA,999.0,72.2,18.0,29.0,312.0,2.0,,,,,,,1.0
12658,Jackson Hawes,TE,BUF,999.0,31.9,18.0,13.0,129.0,1.0,,,,,,,1.0
13121,Ben Yurosek,TE,MIN,999.0,4.0,18.0,2.0,20.0,,,,,,,,1.0
6130,Devin Singletary,RB,NYG,999.0,12.3,18.0,5.0,32.0,,10.0,41.0,,,,,7.0
6659,Craig Reynolds,RB,FA,999.0,4.4,18.0,2.0,16.0,,2.0,8.0,,,,Questionable,7.0
6820,Clyde Edwards-Helaire,RB,FA,999.0,0.8,18.0,,,,2.0,8.0,,,,,6.0
6938,Cam Akers,RB,FA,999.0,5.1,18.0,2.0,15.0,,4.0,16.0,,,,,6.0
6945,Antonio Gibson,RB,FA,999.0,3.9,18.0,2.0,15.0,,1.0,4.0,,,,Questionable,6.0
7561,Elijah Mitchell,RB,PHI,999.0,9.3,18.0,2.0,14.0,,14.0,59.0,,,,,5.0
7607,Michael Carter,RB,TEN,999.0,8.1,18.0,3.0,22.0,,7.0,29.0,,,,,5.0
8116,Pierre Strong,RB,GB,999.0,7.5,18.0,2.0,14.0,,10.0,41.0,,,,,4.0
8129,Dameon Pierce,RB,PHI,999.0,21.8,18.0,3.0,22.0,,25.0,106.0,1.0,,,,4.0
8139,Zamir White,RB,FA,999.0,5.1,18.0,2.0,10.0,,5.0,21.0,,,,,4.0
8143,Jerome Ford,RB,WAS,999.0,26.3,18.0,6.0,44.0,,24.0,99.0,1.0,,,,4.0
8195,Ronnie Rivers,RB,LAR,999.0,7.1,18.0,3.0,20.0,,5.0,21.0,,,,,4.0
8207,Tyler Goodson,RB,ATL,999.0,4.8,18.0,2.0,15.0,,3.0,13.0,,,,,4.0
8208,Tyler Badie,RB,DEN,999.0,8.4,18.0,4.0,28.0,,4.0,16.0,,,,,4.0
8230,Ty Chandler,RB,NO,999.0,12.0,18.0,6.0,39.0,,5.0,21.0,,,,,4.0
8254,Julius Chestnut,RB,TEN,999.0,5.6,18.0,2.0,16.0,,5.0,20.0,,,,,4.0
8800,Malik Davis,RB,DAL,999.0,33.7,18.0,6.0,39.0,,44.0,178.0,1.0,,,,4.0
10217,Clayton Tune,QB,FA,999.0,12.4,18.0,,,,4.0,16.0,,195.0,1.0,,3.0
11256,Tyson Bagent,QB,CHI,999.0,12.5,18.0,,,,4.0,17.0,,195.0,1.0,,3.0
11292,Tommy DeVito,QB,NE,999.0,12.38,18.0,,,,4.0,13.0,,202.0,1.0,,3.0
11557,Joe Milton,QB,DAL,999.0,12.4,18.0,,,,4.0,16.0,,195.0,1.0,,2.0
10210,Cameron Latu,TE,PHI,999.0,4.0,18.0,2.0,20.0,,,,,,,,3.0
10212,Josh Whyle,TE,GB,999.0,6.2,18.0,3.0,32.0,,,,,,,,3.0
10214,Davis Allen,TE,LAR,999.0,5.9,18.0,3.0,29.0,,,,,,,Questionable,3.0
10227,Payne Durham,TE,TB,999.0,8.1,18.0,4.0,41.0,,,,,,,,3.0
11562,Spencer Rattler,QB,NO,999.0,12.68,18.0,,,,4.0,16.0,,202.0,1.0,,2.0
1166,Kirk Cousins,QB,LV,999.0,39.16,18.0,,,,5.0,6.0,,639.0,5.0,,14.0
12470,Riley Leonard,QB,IND,999.0,12.44,18.0,,,,4.0,16.0,,196.0,1.0,,1.0
12486,Dillon Gabriel,QB,CLE,999.0,11.86,18.0,,,,2.0,13.0,,189.0,1.0,,1.0
12500,Quinn Ewers,QB,MIA,999.0,12.4,18.0,,,,4.0,16.0,,195.0,1.0,,1.0
12510,Jalen Milroe,QB,SEA,999.0,13.86,18.0,,,,8.0,43.0,,164.0,1.0,,1.0
12511,Will Howard,QB,PIT,999.0,22.5,18.0,,,,5.0,21.0,,410.0,2.0,,1.0
13272,Carson Beck,QB,ARI,999.0,54.92,18.0,,,,12.0,38.0,1.0,778.0,5.0,,0.0
13289,Drew Allar,QB,PIT,999.0,22.02,18.0,,,,5.0,21.0,,398.0,2.0,,0.0
13303,Cade Klubnik,QB,NYJ,999.0,24.0,18.0,,,,5.0,20.0,,400.0,2.0,,0.0
13306,Taylen Green,QB,CLE,999.0,30.3,18.0,,,,15.0,69.0,1.0,335.0,2.0,,0.0
13427,Diego Pavia,QB,FA,999.0,12.52,18.0,,,,4.0,22.0,,183.0,1.0,,0.0
1373,Geno Smith,QB,NYJ,999.0,222.48,18.0,,,,45.0,156.0,1.0,3372.0,22.0,,13.0
1837,Jimmy Garoppolo,QB,FA,999.0,12.32,18.0,,,,2.0,6.0,,218.0,1.0,,12.0
19,Joe Flacco,QB,CIN,999.0,28.72,18.0,,,,4.0,8.0,,448.0,3.0,,18.0
2028,Derek Carr,QB,FA,999.0,27.18,18.0,,,,4.0,13.0,,447.0,3.0,NA,11.0
11058,Blake Grupe,K,IND,999.0,99.0,18.0,,,,,,,,,,3.0
12548,Lenny Krieg,K,FA,999.0,6.0,18.0,,,,,,,,,,4.0
13838,Will Ferrin,K,FA,999.0,6.0,18.0,,,,,,,,,,0.0
13968,Drew Stevens,K,WAS,999.0,22.0,18.0,,,,,,,,,,0.0
1433,Brandon McManus,K,FA,999.0,46.0,18.0,,,,,,,,,,13.0
17,Matt Prater,K,FA,999.0,22.0,18.0,,,,,,,,,,20.0
4233,Zane Gonzalez,K,MIA,999.0,60.0,18.0,,,,,,,,,,9.0
503,Graham Gano,K,FA,999.0,22.0,18.0,,,,,,,,,Questionable,17.0
5095,Daniel Carlson,K,FA,999.0,52.0,18.0,,,,,,,,,,8.0
5119,Jason Sanders,K,NYJ,999.0,91.0,18.0,,,,,,,,,,8.0
5230,Michael Badgley,K,FA,999.0,22.0,18.0,,,,,,,,,,7.0
2152,Teddy Bridgewater,QB,DET,999.0,11.58,18.0,,,,2.0,5.0,,202.0,1.0,,12.0
2306,Jameis Winston,QB,NYG,999.0,12.86,18.0,,,,3.0,13.0,,214.0,1.0,,11.0
2307,Marcus Mariota,QB,WAS,999.0,13.12,18.0,,,,4.0,26.0,,188.0,1.0,,11.0
260,Josh Johnson,QB,CIN,999.0,11.34,18.0,,,,2.0,13.0,,176.0,1.0,,18.0
3161,Carson Wentz,QB,MIN,999.0,12.44,18.0,,,,2.0,6.0,,221.0,1.0,,10.0
3976,Mitchell Trubisky,QB,TEN,999.0,11.94,18.0,,,,4.0,15.0,,186.0,1.0,,9.0
4017,Deshaun Watson,QB,CLE,999.0,102.06,18.0,,,,30.0,131.0,2.0,1374.0,8.0,,9.0
4179,Joshua Dobbs,QB,FA,999.0,12.4,18.0,,,,4.0,16.0,,195.0,1.0,,9.0
4464,Nick Mullens,QB,JAX,999.0,12.04,18.0,,,,2.0,6.0,,211.0,1.0,,9.0
4972,Mason Rudolph,QB,PIT,999.0,11.68,18.0,,,,2.0,6.0,,202.0,1.0,,8.0
5127,Kyle Allen,QB,BUF,999.0,12.0,18.0,,,,2.0,12.0,,195.0,1.0,,8.0
6011,Gardner Minshew,QB,ARI,999.0,27.96,18.0,,,,6.0,22.0,,394.0,3.0,,7.0
6136,Jarrett Stidham,QB,DEN,999.0,12.22,18.0,,,,2.0,13.0,,198.0,1.0,,7.0
7083,Tyler Huntley,QB,BAL,999.0,12.68,18.0,,,,4.0,24.0,,182.0,1.0,,6.0
7527,Mac Jones,QB,SF,999.0,26.72,18.0,,,,5.0,18.0,,423.0,3.0,,5.0
7585,Davis Mills,QB,HOU,999.0,12.04,18.0,,,,2.0,6.0,,211.0,1.0,,5.0
7591,Justin Fields,QB,KC,999.0,34.72,18.0,,,,18.0,102.0,1.0,363.0,2.0,,5.0
7610,Trey Lance,QB,LAC,999.0,14.62,18.0,,,,8.0,43.0,,183.0,1.0,,5.0
827,Tyrod Taylor,QB,GB,999.0,12.9,18.0,,,,4.0,17.0,,205.0,1.0,,15.0
829,Andy Dalton,QB,PHI,999.0,11.82,18.0,,,,2.0,5.0,,208.0,1.0,,15.0
9229,Anthony Richardson,QB,IND,999.0,21.32,18.0,,,,8.0,46.0,1.0,193.0,1.0,,3.0
9230,Tanner McKee,QB,PHI,999.0,12.42,18.0,,,,4.0,15.0,,198.0,1.0,,3.0
96,Aaron Rodgers,QB,PIT,999.0,177.0,18.0,,,,21.0,60.0,,2700.0,18.0,,21.0
9999,Will Levis,QB,TEN,999.0,12.7,18.0,,,,4.0,15.0,,205.0,1.0,,3.0
